{"Musical Museum": ["Specialty Museums", "Museums"], "Museum of Natural History (Museum d'Histoire naturelle)": ["Natural History Museums", "Museums"], "National Football Museum": ["Specialty Museums", "Museums"], "Escher in Het Paleis (Escher in the Palace)": ["Specialty Museums", "Art Museums", "Museums"], "Djurgarden": ["Islands", "Nature & Parks"], "Zuiderzee Museum (Zuiderzeemuseum)": ["Historic Sites", "History Museums", "Sights & Landmarks", "Museums"], "American Museum of Natural History": ["Natural History Museums", "Museums"], "Pink Palace Museum": ["History Museums", "Natural History Museums", "Museums"], "Sinebrychoff Art Museum": ["Art Museums", "Museums"], "Museo Soumaya": ["Specialty Museums", "Museums"], "Danubiana Meulensteen Art Museum": ["Art Museums", "Art Galleries", "Museums", "Shopping"], "Jewish Historical Museum": ["History Museums", "Specialty Museums", "Museums"], "Sapporo Beer Museum": ["Specialty Museums", "Museums"], "Nordiska museet": ["History Museums", "Museums"], "High Museum of Art": ["Specialty Museums", "Museums"], "Museum Boijmans Van Beuningen": ["Specialty Museums", "Museums"], "Museum of the Rockies": ["Natural History Museums", "History Museums", "Museums"], "Canada Aviation and Space Museum": ["Specialty Museums", "Museums"], "FITO Museum": ["Specialty Museums", "Museums"], "Mutter Museum": ["Science Museums", "Specialty Museums", "Museums"], "Mucha Museum": ["Art Museums", "Museums"], "Choco-Story - The Chocolate Museum": ["Specialty Museums", "Museums"], "National Archaeological Museum of Naples": ["Specialty Museums", "Museums"], "The Metropolitan Museum of Art": ["Points of Interest & Landmarks", "Art Museums", "Museums", "Sights & Landmarks"], "Bata Shoe Museum": ["Specialty Museums", "Museums"], "Fram Polar Ship Museum": ["History Museums", "Ships", "Specialty Museums", "Museums", "Sights & Landmarks"], "Apartheid Museum": ["Specialty Museums", "Museums"], "Granet Museum": ["Specialty Museums", "Museums"], "Musee Miniature et Cinema": ["Specialty Museums", "Museums"], "Frazier History Museum": ["Specialty Museums", "Museums"], "Leonardo da Vinci Museum": ["Specialty Museums", "Museums"], "Uffizi Gallery": ["Specialty Museums", "Museums"], "Whitby Museum": ["Specialty Museums", "Museums"], "BenCab Museum": ["Specialty Museums", "Museums"], "Clink Prison Museum": ["Specialty Museums", "Museums"], "Prado National Museum": ["Specialty Museums", "Museums"], "New York Transit Museum": ["Specialty Museums", "Museums"], "Landis Valley Museum": ["Historic Sites", "Sights & Landmarks"], "Jimmy Carter Library & Museum": ["Libraries", "History Museums", "Museums", "Traveler Resources"], "Musee de Cluny - Musee National du Moyen Age": ["Art Museums", "Museums"], "Indian Museum (Jadu Ghar)": ["History Museums", "Natural History Museums", "Museums"], "Pirates of Nassau Museum": ["Specialty Museums", "Museums"], "Wheels Through Time Transportation Museum": ["Specialty Museums", "Museums"], "Oklahoma City National Memorial & Museum": ["Historic Sites", "Monuments & Statues", "Sights & Landmarks"], "Frontiers of Flight Museum": ["Specialty Museums", "Museums"], "Little Prince Museum": ["Specialty Museums", "Museums"], "Ipoh World at Han Chin Pet Soo": ["History Museums", "Museums"], "Boston Tea Party Ships & Museum": ["History Museums", "Ships", "Museums", "Sights & Landmarks"], "Heard Museum": ["Art Museums", "History Museums", "Specialty Museums", "Museums"], "House of Terror Museum": ["Specialty Museums", "Museums"], "Airborne and Special Operations Museum": ["Specialty Museums", "Museums"], "Museum of London Docklands": ["History Museums", "Specialty Museums", "Museums"], "Pergamon Museum": ["Specialty Museums", "Museums"], "Joyeria Caribe Museum & Factory": ["Specialty Museums", "Museums"], "The Gordon Highlanders Museum": ["Specialty Museums", "Museums"], "Automobile Driving Museum": ["Specialty Museums", "Museums"], "Smithsonian Institution Building": ["Specialty Museums", "Museums"], "Fitzwilliam Museum": ["Art Museums", "Museums"], "EMP Museum": ["Specialty Museums", "Museums"], "Shinyokohama Ramen Museum": ["Specialty Museums", "Museums"], "Barber Vintage Motorsports Museum": ["Specialty Museums", "Museums"], "Palace of Tears": ["History Museums", "Museums"], "Moderna Museet - Stockholm": ["Art Museums", "Museums"], "The National War Museum": ["Military Museums", "Museums"], "Hong Kong Maritime Museum": ["Art Museums", "Educational sites", "Specialty Museums", "Points of Interest & Landmarks", "History Museums", "Museums", "Sights & Landmarks"], "Institute of Texan Cultures": ["History Museums", "Points of Interest & Landmarks", "Museums", "Sights & Landmarks"], "Mel Fisher Maritime Heritage Museum": ["Specialty Museums", "Museums"], "Egyptian Museum of Turin": ["Art Museums", "History Museums", "Museums"], "Currier Museum of Art": ["Art Museums", "Museums"], "Arizona Route 66 Museum": ["History Museums", "Museums"], "Israel Museum": ["Specialty Museums", "Museums"], "Golden Gate Park": ["Nature & Parks"], "Football Museum": ["Specialty Museums", "Museums"], "Missouri Civil War Museum": ["History Museums", "Museums"], "Mimara Museum": ["Art Museums", "Museums"], "Galicia Jewish Museum": ["Specialty Museums", "Museums"], "National Corvette Museum": ["Specialty Museums", "Museums"], "Van Gogh Museum": ["Art Museums", "Museums"], "Topography of Terror": ["Specialty Museums", "Museums"], "Volvo Museum": ["Specialty Museums", "Museums"], "Cupnoodles Museum": ["Specialty Museums", "Museums"], "National Museum of the Mighty Eighth Air Force": ["History Museums", "Military Museums", "Museums"], "Dokumentationszentrum Reichsparteitagsgelaende": ["Specialty Museums", "Museums"], "National Technical Museum": ["Specialty Museums", "Science Museums", "Museums"], "The Eiteljorg Museum": ["Specialty Museums", "Museums"], "Hash Marihuana & Hemp Museum": ["Specialty Museums", "Museums"], "Balboa Park": ["Playgrounds", "Gardens", "Fun & Games", "Nature & Parks"], "Peggy Guggenheim Collection": ["Historic Sites", "Art Museums", "Points of Interest & Landmarks", "Museums", "Sights & Landmarks"], "Rosicrucian Egyptian Museum": ["History Museums", "Specialty Museums", "Museums"], "Sir John Soane's Museum": ["Art Museums", "Museums"], "The Tank Museum": ["History Museums", "Military Museums", "Mines", "Specialty Museums", "Sights & Landmarks", "Museums"], "Miami Children's Museum": ["Children's Museums", "Museums"], "Museo del Templo Mayor": ["Ancient Ruins", "History Museums", "Sights & Landmarks", "Museums"], "Norton Museum of Art": ["Art Museums", "Museums"], "Ford's Theatre": ["Historic Sites", "History Museums", "Theaters", "Concerts & Shows", "Museums", "Sights & Landmarks"], "South Tyrol Museum of Archaeology": ["History Museums", "Museums"], "Rahmi M. Koc Museum": ["Specialty Museums", "Museums"], "The Museum of the Occupation of Latvia": ["History Museums", "Specialty Museums", "Museums"], "The Broad": ["Art Museums", "Museums"], "Glenbow Museum": ["Art Museums", "History Museums", "Specialty Museums", "Museums"], "Museum of Jewish Heritage": ["Specialty Museums", "Museums"], "Museum Puri Lukisan": ["Art Museums", "Museums"], "Sampoerna Museum": ["Specialty Museums", "Museums"], "Newseum": ["History Museums", "Specialty Museums", "Museums"], "Palm Springs Air Museum": ["Educational sites", "History Museums", "Specialty Museums", "Museums", "Sights & Landmarks"], "The Viking Ship Museum": ["History Museums", "Specialty Museums", "Museums"], "Reykjavik 871 +/- 2 The Settlement Exhibition": ["Specialty Museums", "Museums"], "National Museum of World War II Aviation": ["Military Museums", "Museums"], "The Submarine Force Museum": ["Specialty Museums", "Museums"], "Museo Picasso": ["Specialty Museums", "Museums"], "Fujiko F Fujio Museum": ["Specialty Museums", "Museums"], "Antalya Muzesi": ["Specialty Museums", "Museums"], "St. Fagans: National History Museum": ["Specialty Museums", "Museums"], "Greenwich": ["Historic Sites", "Neighborhoods", "Points of Interest & Landmarks", "Sights & Landmarks"], "Royal Signals Museum": ["Military Museums", "Museums"], "Camp Nou": ["Arenas & Stadiums", "Sights & Landmarks"], "Vatican Museums": ["Sacred & Religious Sites", "Art Museums", "Points of Interest & Landmarks", "Architectural Buildings", "Museums", "Sights & Landmarks"], "MIM - Musical Instruments Museum": ["Specialty Museums", "Museums"], "Dennos Museum Center": ["Art Museums", "Museums"], "Maritime Museum of the Atlantic": ["History Museums", "Military Museums", "Specialty Museums", "Museums"], "The Third Man Museum": ["Specialty Museums", "Museums"], "Don Antonio Blanco Museum": ["Art Museums", "Museums"], "The National Museum Bangkok": ["Specialty Museums", "Museums"], "Ground Zero Museum Workshop": ["Specialty Museums", "Museums"], "Utah Beach D-Day Museum": ["Battlefields", "Historic Sites", "History Museums", "Military Museums", "Museums", "Sights & Landmarks"], "Nagasaki Atomic Bomb Museum": ["History Museums", "Museums"], "Delphi Archaeological Museum": ["History Museums", "Museums"], "MAS - Museum aan de Stroom": ["Specialty Museums", "Museums"], "Titanic Museum": ["Specialty Museums", "Museums"], "Canterbury Museum": ["History Museums", "Museums"], "POLIN Museum of the History of Polish Jews": ["History Museums", "Specialty Museums", "Museums"], "California Science Center": ["Science Museums", "Museums"], "Russian Vodka Museum": ["History Museums", "Specialty Museums", "Museums"], "The Museum of Qin Terra-cotta Warriors and Horses": ["Specialty Museums", "Museums"], "International Tsunami Museum": ["Specialty Museums", "Museums"], "Museo Nazionale di Capodimonte": ["Art Museums", "History Museums", "Museums"], "Heraklion Archaeological Museum": ["History Museums", "Art Museums", "Museums"], "Beamish Museum": ["Specialty Museums", "Museums"], "North Carolina Museum of Natural Sciences": ["Natural History Museums", "Science Museums", "Museums"], "Army Museum": ["Monuments & Statues", "Military Museums", "Museums", "Sights & Landmarks"], "Da Nang Museum of Cham Sculpture": ["Specialty Museums", "Museums"], "National Museum of Natural Science": ["Science Museums", "Museums"], "Amsterdam Museum": ["History Museums", "Museums"], "Edo-Tokyo Museum": ["Specialty Museums", "Museums"], "Musee des Beaux-Arts": ["Art Museums", "Museums"], "Pointe-a-Calliere Museum": ["Specialty Museums", "History Museums", "Museums"], "South Dakota Air and Space Museum": ["Military Museums", "History Museums", "Specialty Museums", "Museums"], "The Henry Ford": ["Specialty Museums", "Museums"], "Museum Island": ["Points of Interest & Landmarks", "Specialty Museums", "Museums", "Sights & Landmarks"], "Petit Palais, City of Paris Fine Art Museum": ["Art Museums", "Museums"], "Bruges Beer Museum": ["Specialty Museums", "Museums"], "Museum Ons'Lieve Heer Op Solder": ["Specialty Museums", "Museums"], "Macao Museum": ["Specialty Museums", "Museums"], "Lanyang Museum": ["Specialty Museums", "Museums"], "Museum of Liverpool": ["Specialty Museums", "Museums"], "University of Alaska Museum of the North": ["Specialty Museums", "Museums"], "The Walters Art Museum": ["Art Museums", "Museums"], "Polish Aviation Museum": ["Specialty Museums", "Museums"], "Belvedere Palace Museum": ["Historic Sites", "Art Museums", "Architectural Buildings", "Museums", "Sights & Landmarks"], "Norway's Resistance Museum (Norges Hjemmefront Museum)": ["History Museums", "Military Museums", "Museums"], "Harley-Davidson Museum": ["Specialty Museums", "Museums"], "Macao Science Center": ["Science Museums", "Museums"], "The Discovery Museum": ["History Museums", "Science Museums", "Museums"], "Staedel Museum": ["Art Museums", "Museums"], "The National Museum of Art, Osaka": ["Art Museums", "Museums"], "Neanderthal Museum": ["Specialty Museums", "Museums"], "Museum of Natural Sciences": ["History Museums", "Natural History Museums", "Museums"], "Angkor National Museum": ["Specialty Museums", "Museums"], "Skansen Open-Air Museum": ["Specialty Museums", "Museums"], "Museum of Military History (Heeresgeschichtliches Museum)": ["History Museums", "Military Museums", "Museums"], "Haus der Musik": ["Specialty Museums", "Museums"], "Vasterbottens Museum": ["Specialty Museums", "Coffeehouses", "Art Museums", "History Museums", "Museums", "Nightlife"], "Musee Rodin": ["Specialty Museums", "Museums"], "Niagara Falls History Museum": ["Specialty Museums", "Museums"], "Canada's Penitentiary Museum": ["Specialty Museums", "Museums"], "Crocker Art Museum": ["Art Museums", "Museums"], "Chicago History Museum": ["History Museums", "Museums"], "Dorset County Museum": ["Art Museums", "History Museums", "Museums"], "Kyoto International Manga Museum": ["Specialty Museums", "Museums"], "NEMO Science Museum": ["Science Museums", "Children's Museums", "Museums"], "Juno Beach Centre": ["Monuments & Statues", "History Museums", "Museums", "Sights & Landmarks"], "Ayala Museum": ["Specialty Museums", "Museums"], "Honolulu Museum of Art": ["Art Museums", "Museums"], "National Museum of Ireland - Archaeology": ["History Museums", "Museums"], "Museum Berggruen": ["Specialty Museums", "Museums"], "McNay Art Museum": ["Art Museums", "Museums"], "Cincinnati Museum Center at Union Terminal": ["Children's Museums", "History Museums", "Natural History Museums", "Science Museums", "Museums"], "Museo Nazionale del Cinema": ["Specialty Museums", "Museums"], "Netherlands Open-Air Museum and National Heritage Museum": ["History Museums", "Museums"], "Jean Tinguely Museum": ["Art Museums", "Specialty Museums", "Museums"], "Bahrain National Museum": ["History Museums", "Museums"], "Borghese Gallery": ["Art Museums", "Museums"], "Whaling Museum": ["Specialty Museums", "Museums"], "The Charles Dickens Museum": ["Historic Sites", "Specialty Museums", "Sights & Landmarks", "Museums"], "New Hampshire Boat Museum": ["Specialty Museums", "Museums"], "Phoenix Art Museum": ["Art Museums", "Museums"], "Kimbell Art Museum": ["Art Museums", "Museums"], "The Changi Museum": ["History Museums", "Museums"], "Museum of Contemporary Art (MOCA)": ["Art Museums", "Museums"], "Lamborghini Museum": ["Specialty Museums", "Museums"], "Derby Museum and Art Gallery": ["Art Museums", "Museums"], "Museo Picasso Malaga": ["Art Museums", "Museums"], "Jewish Museum": ["History Museums", "Specialty Museums", "Museums"], "Pacific Aviation Museum Pearl Harbor": ["Specialty Museums", "Museums"], "Smithsonian National Air and Space Museum": ["Specialty Museums", "Museums"], "National Civil War Museum": ["History Museums", "Museums"], "Egyptian Antiquities Museum": ["Specialty Museums", "Museums"], "Moof Museum": ["Specialty Museums", "Museums"], "Museum of Anthropology": ["Specialty Museums", "Museums"], "Museum of International Folk Art": ["Specialty Museums", "Museums"], "Viking Ship Museum": ["Specialty Museums", "Museums"], "Museo del Baile Flamenco": ["Specialty Museums", "Museums"], "California Academy of Sciences": ["Educational sites", "Natural History Museums", "Science Museums", "Observatories & Planetariums", "Sights & Landmarks", "Nature & Parks", "Zoos & Aquariums", "Museums"], "Pinto Art Museum": ["Art Galleries", "Museums", "Shopping"], "Royal Tyrrell Museum": ["Specialty Museums", "Museums"], "Castello Sforzesco": ["Specialty Museums", "Museums"], "Pola Museum of Art": ["Art Museums", "Museums"], "Wallace Collection": ["Historic Sites", "Art Museums", "Museums", "Sights & Landmarks"], "Virginia Museum of Fine Arts": ["Art Museums", "Museums"], "National Underground Railroad Freedom Center": ["History Museums", "Museums"], "Jet Age Museum": ["Specialty Museums", "Museums"], "Arbaer Open Air Museum": ["Historic Walking Areas", "History Museums", "Points of Interest & Landmarks", "Museums", "Sights & Landmarks"], "Chester Beatty Library": ["Specialty Museums", "Museums"], "Otsuka Museum of Art": ["Art Museums", "Museums"], "Thyssen-Bornemisza Museum (Museo Thyssen-Bornemisza)": ["Specialty Museums", "Museums"], "American Sign Museum": ["Specialty Museums", "Museums"], "Bait Al Zubair": ["Specialty Museums", "Museums"], "Vietnam Military History Museum": ["Military Museums", "Museums"], "Isabella Stewart Gardner Museum": ["Art Museums", "Gardens", "Nature & Parks", "Museums"], "The Exploratorium": ["Children's Museums", "Science Museums", "Museums"], "Village Museum (Muzeul Satului)": ["Specialty Museums", "Museums"], "Air Force Armament Museum": ["Military Museums", "Museums"], "Gettysburg Museum & Visitor Center": ["Specialty Museums", "Museums"], "St. Augustine Pirate & Treasure Museum": ["Specialty Museums", "Museums"], "War Remnants Museum": ["History Museums", "Museums"], "Erotic Museum of Barcelona (Museu de l'Erotica)": ["Specialty Museums", "Museums"], "Museum Prinsenhof Delft": ["Specialty Museums", "Museums"], "The Cummer Museum of Art and Gardens": ["Art Museums", "Gardens", "Nature & Parks", "Museums"], "Czech Beer Museum": ["Specialty Museums", "Museums"], "American Visionary Art Museum": ["Specialty Museums", "Museums"], "Icelandic Phallological Museum": ["Specialty Museums", "Museums"], "Designmuseum Danmark": ["Specialty Museums", "Museums"], "Memorial of Caen": ["History Museums", "Military Museums", "Museums"], "US Army Museum of Hawaii": ["Specialty Museums", "Museums"], "Agung Rai Museum of Art (ARMA)": ["Art Museums", "Museums"], "Museum of Discovery and Science": ["Science Museums", "Movie Theaters", "Fun & Games", "Museums"], "National Museum of Natural History": ["Specialty Museums", "Museums"], "Museum of Sex": ["Specialty Museums", "Museums"], "Motown Museum": ["Historic Sites", "Specialty Museums", "Museums", "Sights & Landmarks"], "Bronte Parsonage Museum": ["Historic Sites", "History Museums", "Museums", "Sights & Landmarks"], "The Museum of Edinburgh": ["Specialty Museums", "Museums"], "Solomon R. Guggenheim Museum": ["Specialty Museums", "Museums"], "Holocaust Memorial Center": ["Specialty Museums", "Museums"], "Pilgrim Monument & Provincetown Museum": ["Specialty Museums", "Museums"], "Rene Magritte House Museum": ["Art Museums", "Museums"], "Alte Pinakothek": ["Art Museums", "Museums"], "Vietnamese Women's Museum": ["Specialty Museums", "Museums"], "MARQ Provincial Archaeological Museum": ["History Museums", "Museums"], "Country Music Hall of Fame and Museum": ["Specialty Museums", "Museums"], "Merseyside Maritime Museum": ["Specialty Museums", "Museums"], "Museum of History & Industry": ["Specialty Museums", "Museums"], "Okinawa Prefectural Museum & Art Museum": ["Art Museums", "Museums"], "Mill City Museum": ["History Museums", "Specialty Museums", "Museums"], "Chernobyl National Museum": ["Specialty Museums", "Museums"], "The Mini Time Machine Museum of Miniatures": ["Specialty Museums", "Museums"], "Osaka Museum of Housing and Living": ["Specialty Museums", "Museums"], "Louisville Slugger Museum & Factory": ["Specialty Museums", "Museums"], "Erawan Museum": ["Specialty Museums", "Museums"], "Georgian National Museum": ["History Museums", "Museums"], "Frick Collection": ["Art Museums", "Museums"], "Museum of Cycladic Art": ["Art Museums", "Museums"], "Streetlife Museum of Transport": ["Specialty Museums", "Museums"], "Museum of Prehistoric Thera": ["Specialty Museums", "Museums"], "Wiltshire Museum": ["Specialty Museums", "Museums"], "National Cowboy & Western Heritage Museum": ["Historic Sites", "Art Museums", "History Museums", "Specialty Museums", "Sights & Landmarks", "Museums"], "Dubai Museum": ["History Museums", "Museums"], "Detroit Institute of Arts": ["Art Museums", "Museums"], "Museo Casa Enzo Ferrari": ["Specialty Museums", "Museums"], "Brama Poznania": ["Points of Interest & Landmarks", "Sights & Landmarks"], "Tel Aviv Museum of Art": ["Art Museums", "Museums"], "The National Museum of Nuclear Science & History": ["Science Museums", "Specialty Museums", "Museums"], "Corning Museum of Glass": ["Art Museums", "Specialty Museums", "Museums"], "Andy Warhol Museum": ["Art Museums", "Museums"], "V&A - Victoria and Albert Museum": ["Art Museums", "Museums"], "The Children's Museum of the Upstate": ["Children's Museums", "Museums"], "The Ringling": ["Specialty Museums", "Museums"], "The Beatles Story": ["Specialty Museums", "Museums"], "South Australian Museum": ["History Museums", "Natural History Museums", "Museums"], "Royal Museum of the Armed Forces and of Military History": ["Specialty Museums", "Museums"], "National Museum Cardiff": ["Natural History Museums", "Art Galleries", "Art Museums", "Museums", "Shopping"], "Amsterdam Cheese Museum": ["Specialty Museums", "Museums"], "Visvesvaraya Industrial and Technological Museum": ["Science Museums", "Museums"], "Museo Maya de Cancun": ["Specialty Museums", "Museums"], "Preston Park Museum & Grounds": ["Specialty Museums", "Museums"], "Queen Sofia Arts Center (Museo Nacional Centro de Arte Reina Sofia)": ["Art Museums", "Museums"], "The Great North Museum": ["Specialty Museums", "Museums"], "Wine Museum Koutsoyannopoulos": ["Specialty Museums", "Museums"], "National Civil Rights Museum - Lorraine Motel": ["Historic Sites", "Monuments & Statues", "History Museums", "Specialty Museums", "Sights & Landmarks", "Museums"], "Norwegian Museum of Technology": ["Science Museums", "Specialty Museums", "Museums"], "Museum of the Battle of Normandy": ["Historic Sites", "Monuments & Statues", "History Museums", "Military Museums", "Sights & Landmarks", "Museums"], "Baba & Nyonya Heritage Museum": ["Specialty Museums", "Museums"], "Museum of World Treasures": ["Specialty Museums", "Museums"], "The Bubblecar Museum": ["Specialty Museums", "Museums"], "Columbia River Maritime Museum": ["Specialty Museums", "Bodies of Water", "Museums", "Nature & Parks"], "Trickeye Museum": ["Specialty Museums", "Museums"], "National Museum Negara": ["Specialty Museums", "Museums"], "The Pen Museum": ["Specialty Museums", "Museums"], "Imperial War Museum North": ["History Museums", "Specialty Museums", "Museums"], "Forum Marinum Maritime Centre": ["Military Museums", "Museums"], "The Army Museum": ["Military Museums", "Museums"], "Hospital in the Rock Nuclear Bunker Museum": ["Specialty Museums", "Museums"], "Venetian Glass Museum": ["Specialty Museums", "Museums"], "Museo Nazionale Romano - Palazzo Massimo alle Terme": ["Art Museums", "Specialty Museums", "Museums"], "The Railway Museum": ["Specialty Museums", "Museums"], "Hermitage Amsterdam": ["Art Museums", "Museums"], "Anne Frank House": ["Historic Sites", "History Museums", "Specialty Museums", "Points of Interest & Landmarks", "Museums", "Sights & Landmarks"], "Oskar Schindler's Factory": ["Specialty Museums", "Museums"], "Phuket Trickeye Museum": ["Specialty Museums", "Museums"], "STEAM Museum of the Great Western Railway": ["Specialty Museums", "Museums"], "National Museum of Scotland": ["Specialty Museums", "Natural History Museums", "Museums"], "Yitzhak Rabin Center": ["Specialty Museums", "Museums"], "Museo di Castelvecchio": ["Castles", "Historic Sites", "Art Museums", "Ballets", "Museums", "Concerts & Shows", "Sights & Landmarks"], "Museo de la Evolucion Humana": ["Natural History Museums", "Museums"], "Itchiku Kubota Art Museum": ["Art Museums", "Museums"], "Ogden Museum of Southern Art": ["Art Museums", "Museums"], "Luxor Museum": ["History Museums", "Museums"], "Micropia": ["Specialty Museums", "Museums"], "Army Museum Zizkov": ["Military Museums", "Museums"], "Olympic Museum Lausanne (Musee Olympique)": ["Specialty Museums", "Museums"], "Tennessee State Museum": ["History Museums", "Museums"], "Bullock Texas State History Museum": ["History Museums", "Museums"], "Gastronomy Museum Prague": ["Specialty Museums", "Museums"], "Museum of Geology": ["Specialty Museums", "Museums"], "National Museum of Korea": ["History Museums", "Museums"], "Creation Museum": ["Specialty Museums", "Museums"], "The Polar Museum (Polarmuseet)": ["Specialty Museums", "Museums"], "PUCRS Science and Technology Museum": ["Specialty Museums", "Museums"], "Kroller-Muller Museum": ["Specialty Museums", "Museums"], "Museum of Fine Arts": ["Art Museums", "Museums"], "Frans Hals Museum": ["Art Museums", "Museums"], "War Museum of Athens": ["Specialty Museums", "Museums"], "Vindolanda": ["History Museums", "Museums"], "North Carolina Museum of History": ["Specialty Museums", "Museums"], "Chhatrapati Shivaji Maharaj Vastu Sangrahalaya": ["Specialty Museums", "Gift & Specialty Shops", "Museums", "Shopping"], "Musee du quai Branly - Jacques Chirac": ["Specialty Museums", "Art Museums", "Museums"], "Children\u2019s Museum of Phoenix": ["Children's Museums", "Museums"], "Byzantine & Christian Museum": ["Art Museums", "History Museums", "Museums"], "Nairobi National Museum": ["Specialty Museums", "Museums"], "Museo Nazionale dell'Automobile": ["Specialty Museums", "Museums"], "National Mississippi River Museum & Aquarium": ["Specialty Museums", "Museums", "Zoos & Aquariums", "Nature & Parks"], "Aga Khan Museum": ["Specialty Museums", "Museums"], "Archaeological Museum of Rhodes (Hospital of the Knights)": ["History Museums", "Museums"], "The Blanton Museum of Art": ["Art Museums", "Museums"], "Islamic Arts Museum": ["Art Museums", "Museums"], "Peasant Museum (Muzeul Taranului Roman)": ["Art Museums", "History Museums", "Museums"], "Darshan Museum": ["Specialty Museums", "Museums"], "Natural History Museum": ["History Museums", "Natural History Museums", "Museums"], "Briscoe Western Art Museum": ["Specialty Museums", "Museums"], "Musee du Louvre": ["Art Museums", "Museums"], "The Franklin Institute": ["Science Museums", "Museums"], "Museu do Fado / Fado Museum": ["Specialty Museums", "Museums"], "National Gallery of Art": ["Art Museums", "Museums"], "Dr Pepper Museum": ["Specialty Museums", "Museums"], "Kyoto National Museum": ["Art Museums", "History Museums", "Museums"], "Senckenberg Natural History Museum (Naturmuseum Senckenberg)": ["History Museums", "Natural History Museums", "Museums"], "Torpedo Bay Navy Museum": ["Military Museums", "Museums"], "International Red Cross and Red Crescent Museum": ["Specialty Museums", "Museums"], "Pensacola Lighthouse and Museum": ["Lighthouses", "History Museums", "Museums", "Sights & Landmarks"], "Forney Museum of Transportation": ["Specialty Museums", "Museums"], "Glasnevin Cemetery Museum": ["Specialty Museums", "Museums"], "Precolumbian Gold Museum": ["Art Museums", "Museums"], "Maryhill Museum of Art": ["Specialty Museums", "Museums"], "Estonian Museum of Occupations": ["History Museums", "Museums"], "Madame Tussauds - Las Vegas": ["Specialty Museums", "Museums"], "Casa Lis (Museum of Art Nouveau and Art Deco)": ["Art Museums", "Museums"], "Fort Lauderdale Antique Car Museum": ["Specialty Museums", "Museums"], "The War Memorial of Korea": ["Military Museums", "Museums"], "21st Century Museum of Contemporary Art": ["Art Museums", "Museums"], "National Museum": ["Specialty Museums", "Museums"], "Museum of Islamic Art": ["Art Museums", "Museums"], "The Little Museum of Dublin": ["Specialty Museums", "Museums"], "Oceanographic Museum of Monaco": ["Specialty Museums", "Museums"], "New Zealand Maritime Museum": ["Specialty Museums", "Museums"], "International Spy Museum": ["Specialty Museums", "Museums"], "Palm Springs Art Museum": ["Art Museums", "Museums"], "Brno Technical Museum": ["Specialty Museums", "Museums"], "Museo Andes 1972": ["Specialty Museums", "Museums"], "National Mustard Museum": ["Specialty Museums", "Museums"], "Sexmuseum Amsterdam Venustempel": ["Specialty Museums", "Museums"], "BMW Museum": ["Specialty Museums", "Museums"], "Museum of Fine Arts, Houston": ["Art Museums", "Museums"], "Cradle of Aviation Museum": ["Specialty Museums", "Museums"], "Airborne Museum Hartenstein": ["Specialty Museums", "Museums"], "National Watch and Clock Museum": ["History Museums", "Gift & Specialty Shops", "Specialty Museums", "Shopping", "Museums"], "International Civil Rights Center & Museum": ["Specialty Museums", "Museums"], "Museumplein": ["Points of Interest & Landmarks", "Sights & Landmarks"], "Aboca Museum": ["Specialty Museums", "Museums"], "Smithsonian American Art Museum": ["Art Museums", "History Museums", "Museums"], "National Railway Museum": ["Specialty Museums", "Museums"], "Museo della Scienza e della Tecnologia Leonardo da Vinci": ["Science Museums", "Museums"], "Albert Hall Museum": ["Specialty Museums", "Museums"], "Powerhouse Museum": ["Science Museums", "Museums"], "National Mall": ["National Parks", "Nature & Parks"], "Whitney Museum of American Art": ["Literary, Art & Music Tours", "Art Museums", "Tours", "Museums"], "Hong Kong Museum of History": ["History Museums", "Museums"], "Dwight D. Eisenhower Library and Museum": ["Specialty Museums", "Museums"], "Lyme Regis Philpot Museum": ["Natural History Museums", "Museums"], "Museo dell'Ara Pacis": ["Specialty Museums", "Museums"], "The Mariners' Museum & Park": ["Specialty Museums", "Museums"], "The MAD Museum": ["Science Museums", "Specialty Museums", "Art Museums", "Museums"], "Sex Machines Museum": ["Specialty Museums", "Museums"], "Museo Cerralbo": ["Historic Sites", "Art Museums", "Museums", "Sights & Landmarks"], "John F Kennedy Hyannis Museum": ["Specialty Museums", "Museums"], "Museu del Modernisme": ["Specialty Museums", "Museums"], "National Archaeological Museum": ["Art Museums", "History Museums", "Museums"], "The Field Museum": ["Specialty Museums", "Museums"], "Museum Bank Indonesia": ["Specialty Museums", "Museums"], "Palace of the Grand Dukes of Lithuania, National Museum": ["Specialty Museums", "Museums"], "Museo de los Ninos": ["Children's Museums", "Museums"], "Arktikum": ["History Museums", "Museums"], "Stax Museum of American Soul Music": ["Educational sites", "Specialty Museums", "Museums", "Sights & Landmarks"], "Deutsches Museum": ["Science Museums", "Museums"], "The National 9/11 Memorial & Museum": ["Specialty Museums", "Points of Interest & Landmarks", "Monuments & Statues", "Historic Sites", "Sights & Landmarks", "Museums"], "Museumsufer": ["Specialty Museums", "Museums"], "Saga Museum": ["History Museums", "Museums"], "The Hershey Story": ["Specialty Museums", "Museums"], "Stedelijk Museum Amsterdam": ["Specialty Museums", "Museums"], "Titanic Belfast": ["Specialty Museums", "Points of Interest & Landmarks", "Sights & Landmarks", "Museums"], "Canadian Warplane Heritage Museum": ["Specialty Museums", "Museums"], "Museum of Broken Relationships": ["Specialty Museums", "Museums"], "The White House and Museum of the Confederacy": ["Specialty Museums", "Military Museums", "History Museums", "Museums"], "Arabia Steamboat Museum": ["History Museums", "Museums"], "Museum Angkut": ["Specialty Museums", "Museums"], "State Russian Museum": ["Specialty Museums", "Museums"], "Museo dell'Olio d'Oliva": ["Specialty Museums", "Museums"], "Museo del Vidrio y Cristal de Malaga": ["Specialty Museums", "Museums"], "Baltimore Museum of Industry": ["History Museums", "Specialty Museums", "Museums"], "DAR Museum": ["History Museums", "Museums"], "Museum of Art (Kunsthaus Zurich)": ["Art Museums", "Museums"], "Rietberg Museum": ["Art Museums", "Museums"], "The Museum of Modern Art (MoMA)": ["Art Museums", "Museums"], "Smithsonian National Museum of Natural History": ["Natural History Museums", "Museums"], "Jardin Majorelle": ["Specialty Museums", "Gardens", "Nature & Parks", "Museums"], "London Transport Museum": ["Specialty Museums", "Museums"], "Lennusadam Seaplane Harbour": ["Specialty Museums", "Museums"], "Hollywood Wax Museum": ["Specialty Museums", "Game & Entertainment Centers", "Fun & Games", "Museums"], "Lane Motor Museum": ["Specialty Museums", "Museums"], "Medieval Museum": ["History Museums", "Specialty Museums", "Museums"], "Queen Sirikit Museum of Textiles": ["Gift & Specialty Shops", "Specialty Museums", "Shopping", "Museums"], "The Met Cloisters": ["Sacred & Religious Sites", "Art Museums", "Museums", "Sights & Landmarks"], "National Media Museum": ["Specialty Museums", "Museums"], "Hungarian National Museum (Magyar Nemzeti Muzeum)": ["History Museums", "Museums"], "Grevin Museum": ["Specialty Museums", "Museums"], "Leopold Museum": ["Art Museums", "Specialty Museums", "Museums"], "The Swedish Air Force Museum": ["Educational sites", "Military Museums", "Sights & Landmarks", "Museums"], "Thackray Medical Museum": ["Historic Sites", "Specialty Museums", "Sights & Landmarks", "Museums"], "Historical Museum of Crete": ["History Museums", "Museums"], "Museum of Communism": ["History Museums", "Museums"], "Carnegie Museum of Art": ["Art Museums", "Museums"], "The Buckhorn Saloon and Texas Ranger Museum": ["Specialty Museums", "Museums"], "Norman Rockwell Museum": ["Art Museums", "Museums"], "Catavento Cultural e Educacional": ["Specialty Museums", "Museums"], "Red Light Secrets - Museum of Prostitution": ["Points of Interest & Landmarks", "Specialty Museums", "Educational sites", "Museums", "Sights & Landmarks"], "Tuol Sleng Genocide Museum": ["History Museums", "Museums"], "Crystal Bridges Museum of American Art": ["Art Museums", "Museums"], "Evergreen Aviation & Space Museum": ["Valleys", "Specialty Museums", "Museums", "Nature & Parks"], "Wells Fargo History Museum": ["History Museums", "Specialty Museums", "Museums"], "Revs Institute for Automotive Research, Inc.": ["Specialty Museums", "Museums"], "The Camera Museum": ["Specialty Museums", "Museums"], "Adachi Museum of Art": ["Art Museums", "Gardens", "Nature & Parks", "Museums"], "Holmenkollen Ski Museum and Ski Jump Tower": ["Observation Decks & Towers", "Sports Complexes", "Specialty Museums", "Points of Interest & Landmarks", "Lookouts", "Sights & Landmarks", "Museums", "Fun & Games"], "Creative Discovery Museum": ["Specialty Museums", "Children's Museums", "Museums"], "Palmach Museum": ["Specialty Museums", "Museums"], "Bob Marley Museum": ["Historic Sites", "Specialty Museums", "Museums", "Sights & Landmarks"], "Vasa Museum": ["Specialty Museums", "History Museums", "Museums"], "Titanic Museum Attraction": ["Specialty Museums", "Museums"], "Perez Art Museum Miami": ["Art Museums", "Museums"], "The Museum of Witchcraft": ["Specialty Museums", "Museums"], "Buffalo Bill Center of the West": ["History Museums", "Specialty Museums", "Museums"], "Walton's Mountain Museum": ["Specialty Museums", "Museums"], "Museo Correr": ["Libraries", "Art Museums", "Museums", "Traveler Resources"], "Australian Museum": ["Natural History Museums", "Museums"], "Musei Capitolini": ["History Museums", "Art Museums", "Museums"], "Tillamook Air Museum": ["Specialty Museums", "Museums"], "DDR Museum": ["Specialty Museums", "Museums"], "Museum of Native American History": ["History Museums", "Museums"], "Hong Kong Science Museum": ["Science Museums", "Museums"], "Children's Museum of Indianapolis": ["Children's Museums", "Museums"], "Munch Museum": ["Art Museums", "Specialty Museums", "Museums"], "Vizcaya Museum and Gardens": ["Specialty Museums", "Museums"], "Memorial of the Berlin Wall": ["Historic Sites", "Monuments & Statues", "Sights & Landmarks"], "Museo del Greco": ["Specialty Museums", "Museums"], "Fukui Dinosaur Museum": ["Specialty Museums", "Museums"], "Asian Art Museum": ["Art Museums", "Museums"], "Museum of Science": ["Science Museums", "Museums"], "The Royal Air Force Museum London": ["Specialty Museums", "Museums"], "Mori Art Museum": ["Art Museums", "Museums"], "Wallraf-Richartz Museum": ["Art Museums", "Museums"], "Mercedes-Benz Museum": ["Specialty Museums", "Museums"], "District Six Museum": ["Specialty Museums", "Museums"], "Pitt Rivers Museum": ["Specialty Museums", "Museums"], "Rodin Museum": ["Art Museums", "Museums"], "Oregon Museum of Science and Industry": ["Specialty Museums", "Museums"], "Kelham Island Museum": ["History Museums", "Museums"], "Grevin Praha": ["Specialty Museums", "Museums"], "Museo Chileno de Arte Precolombino": ["Art Museums", "Museums"], "Musee Matisse": ["Specialty Museums", "Museums"], "Hooge Crater museum": ["Specialty Museums", "Museums"], "Museum of Science and Industry": ["Science Museums", "Museums"], "Musee de la Civilisation": ["Specialty Museums", "Museums"], "State Aviation Museum": ["Specialty Museums", "Museums"], "Boston Children's Museum": ["Children's Museums", "Museums"], "The Salisbury Museum": ["History Museums", "Museums"], "Waikato Museum": ["Specialty Museums", "Museums"], "Ashmolean Museum of Art and Archaeology": ["Specialty Museums", "Museums"], "Museum of Osteology": ["Natural History Museums", "Museums"], "Museum Hack": ["Private Tours", "Cultural Tours", "Tours"], "National Institute of Archaeology with Museum": ["History Museums", "Museums"], "Jewish Museum in Prague": ["History Museums", "Museums"], "Musee Picasso Paris": ["Art Museums", "Museums"], "European Solidarity Centre": ["History Museums", "Specialty Museums", "Museums"], "Aros Aarhus Kunstmuseum": ["Art Museums", "Museums"], "Kunsthistorisches Museum": ["Art Museums", "Specialty Museums", "Museums"], "Albert Dock": ["Piers & Boardwalks", "Scenic Walking Areas", "Gift & Specialty Shops", "Points of Interest & Landmarks", "Shopping", "Sights & Landmarks"], "City of the Arts and Sciences": ["Specialty Museums", "Science Museums", "Museums", "Nature & Parks", "Zoos & Aquariums"], "Musee Marmottan": ["Specialty Museums", "Museums"], "de Young Museum": ["Specialty Museums", "Museums"], "Portland Art Museum": ["Specialty Museums", "Museums"], "Toledo Museum of Art": ["Art Museums", "Museums"], "Guggenheim Museum Bilbao": ["Art Museums", "Museums"], "Technisches Museum": ["Science Museums", "Museums"], "Red Star Line Museum": ["Specialty Museums", "Museums"], "Australian National Maritime Museum": ["Specialty Museums", "Museums"], "Nymphenburg Palace (Schloss Nymphenburg)": ["Castles", "Historic Sites", "History Museums", "Gardens", "Sights & Landmarks", "Museums", "Nature & Parks"], "Natural History Museum of Los Angeles County": ["Natural History Museums", "Museums"], "Musical Instrument Museum": ["Specialty Museums", "Museums"], "Wings Over the Rockies Air & Space Museum": ["Specialty Museums", "Museums"], "South Carolina State Museum": ["Specialty Museums", "Museums"], "Erarta Museum and Galleries of Contemporary Art": ["Art Museums", "Museums"], "The State Central Museum of Contemporary History of Russia": ["History Museums", "Specialty Museums", "Museums"], "Samurai Museum": ["Specialty Museums", "Museums"], "Pushkin State Museum of Fine Arts": ["Art Museums", "Museums"], "Paper and Watermark Museum": ["Specialty Museums", "Museums"], "Cleveland Museum of Art": ["Art Museums", "Museums"], "Palacio del Marques de Dos Aguas": ["Architectural Buildings", "Sights & Landmarks"], "Museum and Crypt of Capuchins": ["History Museums", "Museums"], "Jade Museum": ["History Museums", "Museums"], "Pinang Peranakan Mansion": ["History Museums", "Museums"], "National Postal Museum": ["Specialty Museums", "Museums"], "Museo Cappella Sansevero": ["Sacred & Religious Sites", "Historic Sites", "Sights & Landmarks"], "Fashion Museum": ["Specialty Museums", "Museums"], "Philips Museum": ["Specialty Museums", "Museums"], "Musee des Blindes": ["History Museums", "Specialty Museums", "Museums"], "Canadian War Museum": ["History Museums", "Military Museums", "Museums"], "Speculum Alchemiae Museum": ["Specialty Museums", "Museums"], "The National Quilt Museum": ["Specialty Museums", "Museums"], "Train World": ["Specialty Museums", "Museums"], "Louisiana Museum of Modern Art": ["Specialty Museums", "Museums"], "Museu Europeu d'art Modern - MEAM": ["Specialty Museums", "Museums"], "Bagatti Valsecchi Museum": ["Art Museums", "Museums"], "Museum of Innocence": ["Specialty Museums", "Museums"], "Fryderyk Chopin Museum": ["Specialty Museums", "Museums"], "Coventry Transport Museum": ["Specialty Museums", "Museums"], "National Naval Aviation Museum": ["Military Museums", "Specialty Museums", "Museums"], "Porsche Museum": ["Specialty Museums", "Museums"], "The Walmart Museum": ["History Museums", "Museums"], "The Manchester Museum": ["Specialty Museums", "Museums"], "Budapest Pinball Museum": ["Specialty Museums", "Museums"], "Birmingham Museum & Art Gallery": ["Art Museums", "Museums"], "National Museum of Anthropology (Museo Nacional de Antropologia)": ["Specialty Museums", "Museums"], "Philbrook Museum of Art": ["Art Museums", "Museums"], "La Brea Tar Pits and Museum": ["Historic Sites", "History Museums", "Natural History Museums", "Science Museums", "Specialty Museums", "Sights & Landmarks", "Museums"], "Zippo / Case Museum": ["Specialty Museums", "Museums"], "Bastogne War Museum": ["Specialty Museums", "Museums"], "Ny Carlsberg Glyptotek": ["Specialty Museums", "Museums"], "The Dali Museum": ["Specialty Museums", "Museums"], "Royal Aviation Museum of Western Canada": ["Specialty Museums", "Museums"], "Zwinger": ["Points of Interest & Landmarks", "Sights & Landmarks"], "Musee d'Orsay": ["Specialty Museums", "Museums"], "Tenement Museum": ["Specialty Museums", "Museums"], "Museo Ferrari": ["Specialty Museums", "Museums"], "Minneapolis Institute of Art": ["Art Museums", "Museums"], "Musee d'Unterlinden (Under the Linden Trees)": ["Art Museums", "History Museums", "Museums"], "Rocky Statue": ["Monuments & Statues", "Sights & Landmarks"], "Museu de Arte de Sao Paulo Assis Chateaubriand - MASP": ["Art Museums", "Museums"], "Levine Museum of the New South": ["Specialty Museums", "Museums"], "Chihuly Garden and Glass": ["Art Museums", "Art Galleries", "Museums", "Shopping"], "Museum of Science & Industry": ["Science Museums", "Museums"], "Fine Arts Museum (Kunstmuseum)": ["Art Museums", "Museums"], "National Museum of the Marine Corps": ["History Museums", "Specialty Museums", "Military Museums", "Museums"], "Audi Museum": ["Specialty Museums", "Museums"], "Kon-Tiki Museum": ["History Museums", "Children's Museums", "Movie Theaters", "Specialty Museums", "Museums", "Fun & Games"], "Chrysler Museum of Art": ["Art Museums", "Museums"], "National Museum - National Gallery": ["Art Museums", "Museums"], "Astra National Museum Complex": ["Specialty Museums", "Museums"], "Harvard Museum of Natural History": ["Natural History Museums", "Museums"], "Chocolate Museum": ["Specialty Museums", "Museums"], "International Maritime Museum": ["Specialty Museums", "Museums"], "In Flanders Fields Museum": ["History Museums", "Military Museums", "Museums"], "Folklore Museum": ["Architectural Buildings", "History Museums", "Sights & Landmarks", "Museums"], "Schweine-Museum": ["Specialty Museums", "Museums"], "Royal Albert Memorial Museum": ["Specialty Museums", "Museums"], "National Aviation Museum (Aviodrome)": ["Specialty Museums", "Museums"], "KGB Museum": ["Specialty Museums", "Museums"], "Nezu Museum": ["Art Museums", "Museums"], "Museo de Arte Popular": ["Art Museums", "Museums"], "Nelson-Atkins Museum of Art": ["Art Museums", "Museums"], "Kumu Art Museum": ["Historic Sites", "Art Museums", "Museums", "Sights & Landmarks"], "Wright Museum of WWII": ["History Museums", "Museums"], "Franz Kafka Muzeum": ["Specialty Museums", "Museums"], "Muzej Nikole Tesle (Nikola Tesla Museum)": ["Specialty Museums", "Museums"], "Museum Het Rembrandthuis (Rembrandt House)": ["Historic Sites", "Art Museums", "Museums", "Sights & Landmarks"], "Hungarian Natural History Museum": ["Natural History Museums", "Museums"], "Neka Art Museum": ["Specialty Museums", "Museums"], "Musee des Arts Decoratifs": ["Specialty Museums", "Museums"], "Rijksmuseum": ["Art Museums", "Museums"], "Memphis Rock 'n' Soul Museum": ["History Museums", "Specialty Museums", "Museums"], "The Jewish Museum of Greece": ["History Museums", "Specialty Museums", "Museums"], "Museo Galileo - Institute and Museum of the History of Science": ["History Museums", "Science Museums", "Museums"], "Istanbul Archaeological Museums": ["History Museums", "Museums"], "Dali Theatre-Museum (Teatro-Museo Dali)": ["Specialty Museums", "Museums"], "Old Slave Mart Museum": ["History Museums", "Museums"], "Musee Jacquemart-Andre": ["Specialty Museums", "Museums"], "National Tile Museum": ["Art Museums", "Specialty Museums", "Museums"], "New Orleans Museum of Art": ["Specialty Museums", "Museums"], "Museum of Eroticism (Musee de l'Erotisme)": ["Art Museums", "History Museums", "Specialty Museums", "Museums"], "Czar PRL - Life under Communism Museum": ["Specialty Museums", "Museums"], "CR7 Museum": ["Specialty Museums", "Museums"], "Solent Sky Museum": ["Military Museums", "Specialty Museums", "Museums"], "Croke Park Stadium Tour & GAA Museum": ["Specialty Museums", "Arenas & Stadiums", "Sights & Landmarks", "Museums"], "German National Museum of Contemporary History": ["History Museums", "Museums"], "Harwood Museum of Art": ["Art Museums", "Museums"], "Pima Air & Space Museum": ["Specialty Museums", "Museums"], "Cable Car Museum": ["Specialty Museums", "Museums"], "The David Collection": ["Art Museums", "Museums"], "Museo del Novecento": ["Specialty Museums", "Museums"], "Mona": ["Specialty Museums", "Museums"], "Museo de la Memoria y los Derechos Humanos": ["Specialty Museums", "Museums"], "Coastal Discovery Museum": ["Specialty Museums", "Museums"], "Cincinnati Art Museum": ["Art Museums", "Ballets", "Museums", "Concerts & Shows"], "Rotorua Museum": ["Specialty Museums", "Museums"], "State Hermitage Museum and Winter Palace": ["Specialty Museums", "Museums"], "Melbourne Museum": ["Specialty Museums", "Museums"], "Det Hanseatiske Museum og Schoetstuene": ["History Museums", "Museums"], "National Museum of Singapore": ["Specialty Museums", "Museums"], "Kelvingrove Art Gallery and Museum": ["Art Museums", "Museums"], "The Sixth Floor Museum/Texas School Book Depository": ["Specialty Museums", "Museums"], "Fries Museum": ["Specialty Museums", "Museums"], "Musee des Arts Forains": ["Specialty Museums", "Museums"], "Museo de Antioquia": ["History Museums", "Museums"], "Gaziantep Zeugma Mosaic Museum": ["Ancient Ruins", "Art Museums", "Museums", "Sights & Landmarks"], "National Infantry Museum and Soldier Center": ["History Museums", "Military Museums", "Museums"], "Illinois State Museum": ["Specialty Museums", "Museums"], "Museo Larco": ["History Museums", "Museums"], "The Strong National Museum of Play": ["Children's Museums", "Museums"], "Ullen Sentalu": ["History Museums", "Museums"], "Akta Lakota Museum": ["History Museums", "Museums"], "Borodino Battle Museum Panorama": ["Specialty Museums", "Museums"], "Abashiri Prison Museum": ["Points of Interest & Landmarks", "Historic Sites", "History Museums", "Museums", "Sights & Landmarks"], "Seattle Art Museum": ["Art Museums", "Museums"], "National Maritime Museum Cornwall": ["Specialty Museums", "Museums"], "Louwman Museum The Hague": ["Specialty Museums", "Museums"], "Bygdoy Peninsula": ["Biking Trails", "Bodies of Water", "Outdoor Activities", "Nature & Parks"], "Museu d'Historia de Barcelona - MUHBA": ["History Museums", "Museums"], "Museo Nazionale del Bargello": ["Government Buildings", "Historic Sites", "Art Museums", "Sights & Landmarks", "Museums"], "North Carolina Museum of Art": ["Art Museums", "Museums"], "Holburne Museum": ["Art Museums", "Museums"], "National Museum of American Jewish History": ["History Museums", "Museums"], "Abraham Lincoln Presidential Library and Museum": ["Libraries", "History Museums", "Traveler Resources", "Museums"], "Norwegian Aviation Museum (Norsk Luftfartsmuseum)": ["Military Museums", "Specialty Museums", "Museums"], "Indianapolis Museum of Art": ["Specialty Museums", "Historic Sites", "Gardens", "Sights & Landmarks", "Museums", "Nature & Parks"], "Hiroshima Peace Memorial Museum": ["Specialty Museums", "Museums"], "German Film Museum (Deutsches Filmmuseum)": ["Specialty Museums", "Museums"], "Royal Ontario Museum": ["Specialty Museums", "Museums"], "Surgeons' Hall Museums": ["History Museums", "Science Museums", "Specialty Museums", "Museums"], "National Museum of Finland": ["History Museums", "Museums"], "Museo Poldi Pezzoli": ["Art Museums", "Museums"], "National Museum Of China": ["Specialty Museums", "Museums"], "Normandy Tank Museum": ["Specialty Museums", "Museums"], "Aberdeen Maritime Museum": ["Specialty Museums", "Museums"], "Forte di Bard": ["Specialty Museums", "Museums"], "Swiss Museum of Transport": ["Observatories & Planetariums", "Specialty Museums", "Museums"], "Art Institute of Chicago": ["Art Museums", "Museums"], "Kirkland Museum of Fine & Decorative Art": ["Specialty Museums", "Museums"], "South Florida Museum and Bishop Planetarium": ["Specialty Museums", "Museums"], "Piaggio Museum (Museo Piaggio)": ["Specialty Museums", "Museums"], "Photography Museum of Marrakech": ["Art Museums", "Museums"], "Museum of Illusions": ["Other Fun & Games", "Fun & Games"], "Museum of Northern Arizona": ["Specialty Museums", "Museums"], "Mucem": ["Art Museums", "Specialty Museums", "History Museums", "Museums"], "The National Folk Museum of Korea": ["History Museums", "Museums"], "Berlin Wall Museum (Museum Haus am Checkpoint Charlie)": ["Specialty Museums", "Museums"], "Teylers Museum": ["Specialty Museums", "Museums"], "Accademia Gallery": ["Specialty Museums", "Museums"], "New Mexico History Museum": ["Specialty Museums", "Museums"], "Sally Lunn's Museum": ["History Museums", "Points of Interest & Landmarks", "Sights & Landmarks", "Museums"], "National Museum of Fine Arts": ["Art Galleries", "Art Museums", "Shopping", "Museums"], "Salar Jung Museum": ["Specialty Museums", "Museums"], "Erie Canal Museum": ["History Museums", "Museums"], "National Museum of Ancient Art": ["Specialty Museums", "Museums"], "Charleston Museum": ["History Museums", "Museums"], "Museum PASIFIKA": ["Specialty Museums", "Museums"], "Milwaukee Art Museum": ["Art Museums", "Museums"], "Charles M. Schulz Museum": ["Libraries", "Specialty Museums", "Traveler Resources", "Museums"], "Yamato Museum": ["Specialty Museums", "Museums"], "Museum of London": ["Specialty Museums", "Museums"], "Wimbledon Lawn Tennis Museum": ["Specialty Museums", "Museums"], "Zeni Winery and Wine Museum": ["Specialty Museums", "Museums"], "Virginia Holocaust Museum": ["History Museums", "Specialty Museums", "Museums"], "Lucy Desi Center For Comedy": ["Specialty Museums", "Museums"], "Centre Pompidou": ["Architectural Buildings", "Art Museums", "Sights & Landmarks", "Museums"], "Kunstkamera Peter The Great's Antropology and Ethnography Museum": ["Specialty Museums", "Museums"], "Titan Missile Museum": ["Military Museums", "Museums"], "Acropolis Museum": ["Specialty Museums", "Museums"], "Pinacoteca do Estado de Sao Paulo": ["Art Museums", "Museums"], "Mole Antonelliana": ["Architectural Buildings", "Points of Interest & Landmarks", "Sights & Landmarks"], "Musee de l'Orangerie": ["Specialty Museums", "Museums"], "National Museum of Iceland": ["History Museums", "Museums"], "Old Red Museum": ["Historic Sites", "Points of Interest & Landmarks", "Sights & Landmarks"], "December 44 Historical Museum": ["Military Museums", "Museums"], "Musee Nissim de Camondo": ["Specialty Museums", "Museums"], "National Museum of Emerging Science and Innovation Miraikan": ["Science Museums", "Museums"], "Het Scheepvaartmuseum| The National Maritime Museum": ["History Museums", "Museums"], "The History Museum": ["History Museums", "Museums"], "Fort Collins Museum of Discovery": ["Specialty Museums", "Museums"], "Royal Museums of Fine Arts of Belgium (Musees Royaux des Beaux Arts)": ["Specialty Museums", "Museums"], "Museum of Latin American Art of Buenos Aires": ["Art Museums", "Museums"], "Musee de la Grande Guerre": ["History Museums", "Museums"], "Nagoya City Science Museum": ["Science Museums", "Museums"], "Musee Carnavalet": ["Specialty Museums", "Museums"], "John F. Kennedy Presidential Museum & Library": ["Libraries", "History Museums", "Specialty Museums", "Museums", "Traveler Resources"], "Gilmore Car Museum": ["Specialty Museums", "Museums"], "Museu Oscar Niemeyer": ["Specialty Museums", "Museums"], "Lobkowicz Palace": ["Historic Sites", "Specialty Museums", "Museums", "Sights & Landmarks"], "Siriraj Medical Museum": ["Specialty Museums", "Museums"], "Experimentanium": ["Specialty Museums", "Museums"], "Plantin - Moretus Museum": ["History Museums", "Museums"], "Archaeological Museum of Thessaloniki": ["History Museums", "Museums"], "Naval Museum": ["History Museums", "Specialty Museums", "Museums"], "Peabody Essex Museum": ["Specialty Museums", "Museums"], "Casa del Alabado": ["Specialty Museums", "Museums"], "National Gandhi Museum": ["Specialty Museums", "Museums"], "Leeum Samsung Museum of Art": ["Art Museums", "Museums"], "Science Museum": ["Science Museums", "Museums"], "Musee National Marc Chagall": ["Specialty Museums", "Museums"], "Museo di Storia Naturale": ["Specialty Museums", "Museums"], "Cracow Historical Museum - Old Market Underground": ["Specialty Museums", "Museums"], "Gold Museum (Museo del Oro)": ["Specialty Museums", "Museums"], "Dallas Holocaust Museum": ["Specialty Museums", "Museums"], "Jewish Museum and Tolerance Center": ["Specialty Museums", "Museums"], "Saint Louis Art Museum": ["Art Museums", "Museums"], "National Automobile Museum": ["Specialty Museums", "Museums"], "Walt Disney Family Museum": ["Specialty Museums", "Museums"], "Kentucky Derby Museum": ["Specialty Museums", "Museums"], "KGB Museum (Genocido Auku Muziejus)": ["Specialty Museums", "Museums"], "Gilcrease Museum": ["Art Museums", "Gardens", "Museums", "Nature & Parks"], "National Maritime Museum": ["Specialty Museums", "Museums"], "Museum of Vancouver": ["History Museums", "Specialty Museums", "Museums"], "Mint Museum Uptown": ["Specialty Museums", "Museums"], "Musee Picasso": ["Art Museums", "Museums"], "The Tech Museum of Innovation": ["Specialty Museums", "Museums"], "People's History Museum": ["History Museums", "Museums"], "Frida Kahlo Museum": ["Specialty Museums", "Museums"], "New York State Museum": ["History Museums", "Natural History Museums", "Nature & Wildlife Areas", "Museums", "Nature & Parks"], "San Diego Air & Space Museum": ["Specialty Museums", "Museums"], "Newbridge Silverware Visitor Center": ["Visitor Centers", "Traveler Resources"], "Palais de Rohan": ["Specialty Museums", "Museums"], "Anchorage Museum at Rasmuson Center": ["Specialty Museums", "Museums"], "Museo dell'Opera del Duomo": ["Art Museums", "History Museums", "Museums"], "Carolinas Aviation Museum": ["Specialty Museums", "Museums"], "World Museum": ["Historic Sites", "History Museums", "Natural History Museums", "Museums", "Sights & Landmarks"], "Hunterian Museum": ["History Museums", "Museums"], "Mevlana Museum": ["Historic Sites", "History Museums", "Museums", "Sights & Landmarks"], "The National WWII Museum": ["Military Museums", "Specialty Museums", "Museums"], "SCMAGLEV and Railway Park": ["Specialty Museums", "Museums"], "Swiss National Museum": ["Specialty Museums", "History Museums", "Museums"], "Grant Museum of Zoology": ["Specialty Museums", "Museums"], "Asian Civilisations Museum": ["History Museums", "Museums"], "Military History Museum": ["Specialty Museums", "Museums"], "Charles Hosmer Morse Museum of American Art": ["Art Museums", "Museums"], "Umaid Bhawan Palace Museum": ["Art Museums", "Specialty Museums", "Museums"], "Holocaust Museum Houston": ["History Museums", "Museums"], "Museu do Amanha": ["Specialty Museums", "Science Museums", "Museums"], "Carnegie Museum of Natural History": ["Natural History Museums", "Museums"], "Dallas Museum of Art": ["Art Museums", "Museums"], "Roman Theatre Museum": ["Specialty Museums", "Museums"], "Beaulieu National Motor Museum": ["Specialty Museums", "Gardens", "Museums", "Nature & Parks"], "Ueno Park": ["Nature & Parks"], "Baltimore Museum of Art": ["Art Museums", "Museums"], "Shelburne Museum": ["Specialty Museums", "Museums"], "Salem Witch Museum": ["History Museums", "Specialty Museums", "Museums"], "Yad Vashem - Holocaust Memorial": ["Libraries", "Monuments & Statues", "History Museums", "Traveler Resources", "Museums", "Sights & Landmarks"], "British Museum": ["Art Museums", "History Museums", "Museums"], "Chania Archaeological Museum": ["History Museums", "Museums"], "Brooklyn Museum": ["Art Museums", "History Museums", "Natural History Museums", "Museums"], "The Durham Museum": ["History Museums", "Museums"], "National Taiwan Museum of Fine Arts": ["Art Museums", "Museums"], "MuseumsQuartier Wien": ["Specialty Museums", "Museums"], "Stasi Museum": ["Specialty Museums", "Museums"], "Musee de la Musique": ["History Museums", "Specialty Museums", "Museums"], "Ocean Star Offshore Drilling Rig & Museum": ["Specialty Museums", "Museums"], "Houston Museum District": ["Specialty Museums", "Museums"], "The Nethercutt Collection": ["Specialty Museums", "Museums"], "Juventus Stadium": ["Arenas & Stadiums", "Sights & Landmarks"], "Madame Tussauds New York": ["Specialty Museums", "Museums"], "Goreme Open-Air Museum": ["Historic Sites", "History Museums", "Sights & Landmarks", "Museums"], "Geology Museum": ["Science Museums", "Museums"], "High Desert Museum": ["Specialty Museums", "Natural History Museums", "Nature & Wildlife Areas", "Art Museums", "History Museums", "Nature & Parks", "Museums"], "Sisi Museum": ["Specialty Museums", "Museums"], "Fundacio Joan Miro": ["Specialty Museums", "Art Museums", "Museums"], "Museo Nacional de Bellas Artes": ["Art Museums", "Museums"], "The Neon Museum": ["Specialty Museums", "Museums"], "National Museum of the American Indian": ["Specialty Museums", "Museums"], "Natural History Museum of Utah": ["Natural History Museums", "Museums"], "Churchill War Rooms": ["Historic Sites", "History Museums", "Military Museums", "Sights & Landmarks", "Museums"], "National Portrait Gallery": ["Art Museums", "History Museums", "Museums"], "Museum of Siam": ["Specialty Museums", "Museums"], "National Museum of Nature and Science": ["Science Museums", "Museums"], "Maritime Museum of San Diego": ["Ships", "Specialty Museums", "Sights & Landmarks", "Museums"], "Fotografiska": ["Specialty Museums", "Museums"], "Amsterdam Tulip Museum": ["Specialty Museums", "Museums"], "Nationalmuseum": ["Art Museums", "Museums"], "Shaanxi History Museum": ["History Museums", "Museums"], "Georgia O'Keeffe Museum": ["Art Museums", "Museums"], "Toitu Otago Settlers Museum": ["Specialty Museums", "Museums"], "National Motorcycle Museum": ["Specialty Museums", "Museums"], "Cite de l'Automobile - Collection Schlumpf": ["Specialty Museums", "Museums"], "Miho Museum": ["Art Museums", "Museums"], "Denver Museum of Nature & Science": ["Natural History Museums", "Science Museums", "Observatories & Planetariums", "Theaters", "Museums", "Concerts & Shows"], "Biomuseo": ["Specialty Museums", "Museums"], "Yorkshire Museum": ["History Museums", "Museums"], "The Grammy Museum": ["Specialty Museums", "Museums"], "Imperial Palace (Hofburg)": ["Specialty Museums", "Museums"], "Benaki Museum": ["Art Museums", "Museums"], "Musee des Confluences": ["Specialty Museums", "Museums"], "Raja Dinkar Kelkar Museum": ["Specialty Museums", "Museums"], "Vietnam Museum of Ethnology": ["History Museums", "Museums"], "Red Dot Design Museum": ["Flea & Street Markets", "Points of Interest & Landmarks", "Specialty Museums", "Museums", "Shopping", "Sights & Landmarks"], "San Antonio Museum of Art": ["Art Museums", "Museums"], "Henry B. Plant Museum": ["History Museums", "Museums"], "Philadelphia Museum of Art": ["Art Museums", "Museums"], "Medieval Crime Museum (Mittelalterliches Kriminalmuseum)": ["Specialty Museums", "Museums"], "Vivanco": ["Specialty Museums", "Wineries & Vineyards", "Museums", "Food & Drink"], "Princeton University Art Museum": ["Art Museums", "Museums"], "Museum of New Zealand (Te Papa Tongarewa)": ["Specialty Museums", "Museums"], "Milton Keynes Museum": ["Specialty Museums", "Museums"], "Instituto Ricardo Brennand": ["Specialty Museums", "Museums"], "Musee Grevin": ["Specialty Museums", "Museums"], "Antique Automobile Club of America Museum": ["Specialty Museums", "Museums"], "Ballenberg Open-Air Museum": ["Specialty Museums", "Museums"], "International UFO Museum and Research Center": ["Specialty Museums", "Museums"], "National Museum of the Pacific War": ["History Museums", "Military Museums", "Museums"], "Grand Rapids Public Museum": ["History Museums", "Observatories & Planetariums", "Museums"], "War Museum Cambodia": ["Military Museums", "Museums"], "Grigore Antipa National Museum of Natural History": ["Natural History Museums", "Museums"], "Lakeland Motor Museum": ["Specialty Museums", "Museums"], "Kura Hulanda Museum": ["Art Museums", "History Museums", "Specialty Museums", "Museums"], "The Museum at Campbell River": ["History Museums", "Museums"], "Children's Museum of Houston": ["Children's Museums", "Museums"], "Children's Museum of Pittsburgh": ["Children's Museums", "Museums"], "The George W. Bush Presidential Library and Museum": ["Specialty Museums", "Museums"], "Simeone Foundation Automotive Museum": ["Specialty Museums", "Museums"], "Peranakan Museum": ["Specialty Museums", "Museums"], "Kentucky Horse Park": ["Specialty Museums", "Points of Interest & Landmarks", "State Parks", "Museums", "Nature & Parks", "Sights & Landmarks"], "Rock and Roll Hall of Fame and Museum": ["History Museums", "Specialty Museums", "Museums"], "Hagia Sophia Museum / Church (Ayasofya)": ["Architectural Buildings", "Sacred & Religious Sites", "Historic Sites", "History Museums", "Museums", "Sights & Landmarks"], "Penang 3D Trick Art Museum": ["Specialty Museums", "Museums"], "Hellfire Pass Memorial Museum and Walking Trail": ["Military Museums", "Scenic Walking Areas", "Observation Decks & Towers", "History Museums", "Sights & Landmarks", "Museums"], "Otago Museum": ["Natural History Museums", "Museums"], "National Museum of American History": ["History Museums", "Museums"], "Lychnostatis Open Air Museum": ["Specialty Museums", "Museums"], "National Geographic Museum": ["Natural History Museums", "Museums"], "National Museum of the U.S. Air Force": ["Specialty Museums", "Museums"], "Irish Whiskey Museum": ["Specialty Museums", "Museums"], "American Museum of Science & Energy": ["Science Museums", "Museums"], "Torture Museum Oude Steen": ["Specialty Museums", "History Museums", "Museums"], "NSU Art Museum": ["Art Museums", "Museums"], "GulfQuest National Maritime Museum of the Gulf of Mexico": ["Specialty Museums", "Museums"], "California State Railroad Museum": ["Specialty Museums", "Museums"], "Superstition Mountain Museum": ["Specialty Museums", "Museums"], "Please Touch Museum": ["Specialty Museums", "Museums"], "Sherlock Holmes Museum": ["Specialty Museums", "Museums"]}