{"Gettysburg Heritage Center": ["History Museums", "Museums"], "Hudson River Museum": ["Specialty Museums", "Museums"], "The Aurora Ice Museum": ["Specialty Museums", "Museums"], "Chrysler Museum of Art": ["Art Museums", "Museums"], "Pink Palace Museum": ["History Museums", "Natural History Museums", "Museums"], "Gettysburg Seminary Ridge Museum": ["Specialty Museums", "Museums"], "Oklahoma Railway Museum": ["Specialty Museums", "Museums"], "Ships of the Sea Maritime Museum": ["Specialty Museums", "Museums"], "LBJ Presidential Library": ["Specialty Museums", "Museums"], "Museum Mile": ["Historic Walking Areas", "Sights & Landmarks"], "High Museum of Art": ["Specialty Museums", "Museums"], "Virginia Living Museum": ["Science Museums", "Observatories & Planetariums", "Nature & Wildlife Areas", "Nature & Parks", "Museums", "Zoos & Aquariums"], "Computer History Museum": ["History Museums", "Museums"], "Georgia State Railroad Museum": ["Specialty Museums", "Museums"], "University of Michigan Museum of Natural History": ["Natural History Museums", "Observatories & Planetariums", "Museums"], "Mutter Museum": ["Science Museums", "Specialty Museums", "Museums"], "Independence Seaport Museum": ["History Museums", "Specialty Museums", "Museums"], "Fort East Martello Museum": ["Art Museums", "History Museums", "Museums"], "The Delta Blues Museum": ["History Museums", "Specialty Museums", "Museums"], "Pensacola Naval Air Station": ["Military Bases & Facilities", "Sights & Landmarks"], "The Metropolitan Museum of Art": ["Points of Interest & Landmarks", "Art Museums", "Sights & Landmarks", "Museums"], "The Andy Griffith Museum": ["Specialty Museums", "Museums"], "Science Museum of Minnesota": ["History Museums", "Science Museums", "Museums"], "Living Computer Museum": ["Specialty Museums", "Science Museums", "History Museums", "Museums"], "Fairhope Museum": ["Specialty Museums", "Museums"], "The California Route 66 Museum": ["Specialty Museums", "Museums"], "Mount Dora Museum Of Speed": ["Specialty Museums", "Museums"], "Frazier History Museum": ["Specialty Museums", "Museums"], "Pueblo Grande Museum": ["Specialty Museums", "Museums"], "Golisano Children's Museum of Naples": ["Children's Museums", "Museums"], "The Mob Museum": ["Specialty Museums", "Museums"], "Skagway Museum and Archives": ["History Museums", "Museums"], "45th Infantry Division Museum": ["Military Museums", "Museums"], "Museum of Russian Icons": ["Specialty Museums", "Museums"], "Madison Children's Museum": ["Specialty Museums", "Other Fun & Games", "Playgrounds", "Children's Museums", "Nature & Parks", "Fun & Games", "Museums"], "Museum of Life + Science": ["Specialty Museums", "Museums"], "Gettysburg Museum of History": ["Military Museums", "Museums"], "Key West Shipwreck Treasure Museum": ["Lookouts", "Historic Sites", "History Museums", "Observation Decks & Towers", "Sights & Landmarks", "Museums"], "Landis Valley Museum": ["Historic Sites", "Sights & Landmarks"], "Lost City Museum": ["Specialty Museums", "Museums"], "Jimmy Carter Library & Museum": ["Libraries", "History Museums", "Traveler Resources", "Museums"], "Laura Ingalls Wilder Museum": ["Specialty Museums", "Museums"], "Patton Museum of Cavalry and Armor": ["Military Museums", "Museums"], "Museum of the Mountain Man": ["Specialty Museums", "Museums"], "Wheels Through Time Transportation Museum": ["Specialty Museums", "Museums"], "Oklahoma City National Memorial & Museum": ["Historic Sites", "Monuments & Statues", "Sights & Landmarks"], "The Menil Collection": ["Specialty Museums", "Museums"], "Strawbery Banke Museum": ["Historic Sites", "History Museums", "Sights & Landmarks", "Museums"], "Yale University Art Gallery": ["Art Museums", "Museums"], "Museum of Chincoteague": ["History Museums", "Museums"], "Buffalo Museum of Science": ["Natural History Museums", "Science Museums", "Museums"], "Boston Tea Party Ships & Museum": ["History Museums", "Ships", "Sights & Landmarks", "Museums"], "The Health Museum": ["Specialty Museums", "Museums"], "International Wildlife Museum": ["Natural History Museums", "Museums"], "Heard Museum": ["Art Museums", "History Museums", "Specialty Museums", "Museums"], "Thomas A. Jaggar Museum": ["Specialty Museums", "Museums"], "Modern Art Museum of Fort Worth": ["Art Museums", "Museums"], "Airborne and Special Operations Museum": ["Specialty Museums", "Museums"], "Crawford Auto-Aviation Museum": ["Specialty Museums", "Museums"], "National Museum of American Illustration": ["Art Museums", "Museums"], "Patee House Museum": ["Specialty Museums", "Museums"], "Museum of Geology": ["Specialty Museums", "Museums"], "Original McDonald's Site and Museum": ["Specialty Museums", "Museums"], "National Cowgirl Museum and Hall of Fame": ["Specialty Museums", "Museums"], "EMP Museum": ["Specialty Museums", "Museums"], "Cameron Art Museum": ["Art Museums", "Museums"], "Barber Vintage Motorsports Museum": ["Specialty Museums", "Museums"], "Museum of the Great Plains": ["Specialty Museums", "Museums"], "Museum of Clean": ["Specialty Museums", "Museums"], "San Diego Museum of Man": ["History Museums", "Museums"], "Indian Temple Mound and Museum": ["Specialty Museums", "Museums"], "Indiana State Museum": ["Specialty Museums", "Museums"], "Institute of Texan Cultures": ["History Museums", "Points of Interest & Landmarks", "Museums", "Sights & Landmarks"], "Birmingham Civil Rights Institute": ["History Museums", "Museums"], "Sandwich Glass Museum": ["Art Museums", "History Museums", "Science Museums", "Specialty Museums", "Museums"], "Currier Museum of Art": ["Art Museums", "Museums"], "Clark County Heritage Museum": ["History Museums", "Museums"], "Arizona Route 66 Museum": ["History Museums", "Museums"], "Natural History Museum of Utah": ["Natural History Museums", "Museums"], "Golden Gate Park": ["Nature & Parks"], "Missouri Civil War Museum": ["History Museums", "Museums"], "Figge Art Museum": ["Art Museums", "Museums"], "Mashantucket Pequot Museum & Research Center": ["Specialty Museums", "History Museums", "Museums"], "Hawaii Volcanoes National Park": ["Volcanos", "Nature & Parks"], "National Corvette Museum": ["Specialty Museums", "Museums"], "Roswell Museum & Art Center": ["Art Museums", "History Museums", "Observatories & Planetariums", "Museums"], "Tybee Island Lighthouse Museum": ["Specialty Museums", "Museums"], "National Museum of Funeral History": ["History Museums", "Specialty Museums", "Museums"], "Billings Farm and Museum": ["Specialty Museums", "Museums"], "Strategic Air Command & Aerospace Museum": ["Specialty Museums", "Museums"], "The Johnny Cash Museum": ["History Museums", "Specialty Museums", "Museums"], "New Mexico Museum of Art": ["Art Museums", "Museums"], "Tulsa Air and Space Museum": ["Science Museums", "Specialty Museums", "Museums"], "Juneau-Douglas City Museum": ["Art Museums", "History Museums", "Museums"], "National Museum of the Mighty Eighth Air Force": ["History Museums", "Military Museums", "Museums"], "Fenimore Art Museum": ["Art Museums", "History Museums", "Museums"], "The El Paso Holocaust Museum": ["History Museums", "Museums"], "Sam Noble Oklahoma Museum of Natural History": ["Natural History Museums", "Museums"], "Niagara Wax Museum of History": ["Specialty Museums", "Museums"], "Birmingham Museum of Art": ["Art Museums", "Museums"], "Tampa Museum of Art": ["Art Museums", "Museums"], "Tupelo Automobile Museum": ["Specialty Museums", "Museums"], "Historic Railpark and Train Museum": ["History Museums", "Museums"], "Booth Western Art Museum": ["Art Museums", "Museums"], "Seattle Children's Museum": ["Children's Museums", "Museums"], "Marbles Kids Museum": ["Children's Museums", "History Museums", "Science Museums", "Museums"], "Rosicrucian Egyptian Museum": ["History Museums", "Specialty Museums", "Museums"], "Mystic Seaport": ["Historic Sites", "Ships", "Specialty Museums", "Sights & Landmarks", "Museums"], "Miami Children's Museum": ["Children's Museums", "Museums"], "Los Angeles County Museum of Art": ["Art Museums", "Museums"], "Adirondack Museum": ["Art Museums", "History Museums", "Specialty Museums", "Museums"], "United States Holocaust Memorial Museum": ["History Museums", "Specialty Museums", "Museums"], "Ford's Theatre": ["Historic Sites", "History Museums", "Theaters", "Sights & Landmarks", "Museums", "Concerts & Shows"], "Franklin D. Roosevelt Presidential Library and Museum": ["Historic Sites", "History Museums", "Libraries", "Museums", "Traveler Resources", "Sights & Landmarks"], "Ronald Reagan Presidential Library and Museum": ["Libraries", "Specialty Museums", "Museums", "Traveler Resources"], "The Morgan Library & Museum": ["Historic Sites", "Libraries", "Gift & Specialty Shops", "Art Museums", "Shopping", "Museums", "Traveler Resources", "Concerts & Shows", "Sights & Landmarks"], "The Broad": ["Art Museums", "Museums"], "Children's Museum of Memphis": ["Children's Museums", "Museums"], "Museum of Jewish Heritage": ["Specialty Museums", "Museums"], "Naples Depot Museum": ["Specialty Museums", "Museums"], "Old Montana Prison Complex": ["Specialty Museums", "Museums"], "Newseum": ["History Museums", "Specialty Museums", "Museums"], "Louisiana State Museum Baton Rouge": ["Specialty Museums", "Museums"], "Creative Discovery Museum": ["Specialty Museums", "Children's Museums", "Museums"], "Wyoming State Museum": ["History Museums", "Museums"], "Upcountry History Museum": ["History Museums", "Museums"], "Geronimo Springs Museum": ["History Museums", "Museums"], "Circus World": ["Specialty Museums", "Museums"], "Harwood Museum of Art": ["Art Museums", "Museums"], "The Jewish Museum": ["Specialty Museums", "Museums"], "The Children's Museum of Green Bay": ["Children's Museums", "Museums"], "National Museum of World War II Aviation": ["Military Museums", "Museums"], "The Submarine Force Museum": ["Specialty Museums", "Museums"], "Ava Gardner Museum": ["History Museums", "Specialty Museums", "Museums"], "Pontiac-Oakland Automobile Museum": ["Specialty Museums", "Museums"], "Admiral Nimitz State Historic Site": ["Historic Sites", "History Museums", "Sights & Landmarks", "Museums"], "Southwest Florida Military Museum & Library": ["Specialty Museums", "Museums"], "Wilmington Railroad Museum": ["Specialty Museums", "Museums"], "New Britain Museum of American Art": ["Art Museums", "Museums"], "Dennos Museum Center": ["Art Museums", "Museums"], "Fernbank Museum of Natural History": ["Natural History Museums", "Museums"], "Milwaukee Public Museum": ["Natural History Museums", "Museums"], "Tacoma Art Museum": ["Art Museums", "Museums"], "West Virginia State Museum": ["History Museums", "Museums"], "Hirshhorn Museum and Sculpture Garden": ["Art Museums", "Gardens", "Nature & Parks", "Museums"], "Museum of the Cherokee Indian": ["Specialty Museums", "Museums"], "Ground Zero Museum Workshop": ["Specialty Museums", "Museums"], "Selena Museum": ["Specialty Museums", "Museums"], "Mariposa Museum and History Center": ["History Museums", "Specialty Museums", "Museums"], "Anchorage Museum at Rasmuson Center": ["Specialty Museums", "Museums"], "Ralph Foster Museum": ["Specialty Museums", "Museums"], "Yale Peabody Museum of Natural History": ["Natural History Museums", "Museums"], "Titanic Museum": ["Specialty Museums", "Museums"], "Anniston Museum of Natural History": ["Natural History Museums", "Museums"], "Geppi's Entertainment Museum": ["Specialty Museums", "Museums"], "California Science Center": ["Science Museums", "Museums"], "Clyfford Still Museum": ["Art Museums", "Museums"], "University of Michigan Museum of Art": ["Art Museums", "Museums"], "The Speed Art Museum": ["Art Museums", "Museums"], "Currahee Military Museum": ["History Museums", "Military Museums", "Museums"], "New Smyrna Museum of History": ["History Museums", "Museums"], "Virginia War Museum": ["Military Museums", "Museums"], "RV/MH Hall of Fame and Museum": ["Specialty Museums", "Museums"], "North Carolina Museum of Natural Sciences": ["Natural History Museums", "Science Museums", "Museums"], "Allentown Art Museum": ["Art Museums", "Museums"], "The George W. Bush Presidential Library and Museum": ["Specialty Museums", "Museums"], "Molly Brown House Museum": ["Historic Sites", "Specialty Museums", "Sights & Landmarks", "Museums"], "R.E. Olds Transportation Museum": ["Specialty Museums", "Historic Sites", "Museums", "Sights & Landmarks"], "Neue Galerie": ["Art Museums", "Museums"], "Samuel P. Harn Museum of Art": ["Art Museums", "Museums"], "South Dakota Air and Space Museum": ["Military Museums", "History Museums", "Specialty Museums", "Museums"], "The Henry Ford": ["Specialty Museums", "Museums"], "Ca d'Zan Mansion": ["Historic Sites", "Sights & Landmarks"], "Portland Museum of Art": ["Art Museums", "Museums"], "Door County Maritime Museum": ["Specialty Museums", "Museums"], "Pilgrim Hall Museum": ["History Museums", "Museums"], "Woolaroc Museum & Wildlife Preserve": ["Nature & Wildlife Areas", "History Museums", "Nature & Parks", "Museums"], "Museum of Science": ["Science Museums", "Museums"], "Spanish Military Hospital Museum": ["Military Museums", "Museums"], "The Putnam Museum & Science Center": ["Natural History Museums", "Science Museums", "Museums"], "Harley-Davidson Museum": ["Specialty Museums", "Museums"], "Ellis Island Immigration Museum": ["Specialty Museums", "Museums"], "Knoxville Museum of Art": ["Art Museums", "Museums"], "Maturango Museum": ["History Museums", "Museums"], "Explore More Discovery Museum": ["Specialty Museums", "Museums"], "International Museum of Surgical Science": ["Science Museums", "Specialty Museums", "Museums"], "Meteor Crater": ["Geologic Formations", "Specialty Museums", "Museums", "Nature & Parks"], "New Hampshire Boat Museum": ["Specialty Museums", "Museums"], "Florida Museum of Natural History": ["Natural History Museums", "Museums"], "College of the Ozarks": ["Educational sites", "Gardens", "Nature & Parks", "Sights & Landmarks"], "Grohmann Museum": ["Specialty Museums", "Museums"], "Bechtler Museum of Modern Art": ["Art Museums", "Museums"], "Museum of Jurassic Technology": ["Natural History Museums", "Museums"], "Door County Historical Museum": ["History Museums", "Museums"], "Chicago History Museum": ["History Museums", "Museums"], "San Diego Natural History Museum": ["Specialty Museums", "Museums"], "The Phillips Collection": ["Art Museums", "Museums"], "Telluride Historical Museum": ["History Museums", "Museums"], "Honolulu Museum of Art": ["Art Museums", "Museums"], "Blackhawk Museum": ["Specialty Museums", "Museums"], "McNay Art Museum": ["Art Museums", "Museums"], "Bowers Museum of Cultural Art": ["Art Museums", "Children's Museums", "History Museums", "Museums"], "Cincinnati Museum Center at Union Terminal": ["Children's Museums", "History Museums", "Natural History Museums", "Science Museums", "Museums"], "Armed Forces Museum": ["Military Museums", "Museums"], "Western Spirit: Scottsdale's Museum of the West": ["Art Museums", "Specialty Museums", "Museums"], "Science Museum of Western Virginia & Hopkins Planetarium": ["Science Museums", "Observatories & Planetariums", "Museums"], "National Underground Railroad Freedom Center": ["History Museums", "Museums"], "Whaling Museum": ["Specialty Museums", "Museums"], "Kalamazoo Valley Museum": ["Observatories & Planetariums", "Specialty Museums", "Museums"], "Phoenix Art Museum": ["Art Museums", "Museums"], "Kimbell Art Museum": ["Art Museums", "Museums"], "Colby College Museum of Art": ["Art Museums", "Museums"], "New Mexico Farm and Ranch Heritage Museum": ["History Museums", "Natural History Museums", "Museums"], "Mississippi Museum of Natural Science": ["Natural History Museums", "Museums"], "Wisconsin Auto Museum": ["Specialty Museums", "History Museums", "Museums"], "The Saratoga Automobile Museum": ["Specialty Museums", "Museums"], "San Jose Museum of Art": ["Art Museums", "Museums"], "The Museum of Russian Art": ["Art Museums", "Museums"], "The Museum of Contemporary Art": ["Art Museums", "Museums"], "Pacific Aviation Museum Pearl Harbor": ["Specialty Museums", "Museums"], "Smithsonian National Air and Space Museum": ["Specialty Museums", "Museums"], "National Civil War Museum": ["History Museums", "Museums"], "Museum of International Folk Art": ["Specialty Museums", "Museums"], "Chennault Aviation and Military Museum": ["History Museums", "Military Museums", "Museums"], "Chesapeake Bay Maritime Museum": ["Specialty Museums", "Museums"], "U.S.S. Cairo Museum": ["History Museums", "Ships", "Sights & Landmarks", "Museums"], "California Academy of Sciences": ["Educational sites", "Natural History Museums", "Science Museums", "Observatories & Planetariums", "Museums", "Zoos & Aquariums", "Sights & Landmarks", "Nature & Parks"], "New-York Historical Society Museum & Library": ["Art Museums", "History Museums", "Children's Museums", "Specialty Museums", "Museums"], "The Bryan Museum": ["History Museums", "Museums"], "Cheyenne Frontier Days Old West Museum": ["History Museums", "Museums"], "Mint Museum Randolph": ["Art Museums", "Museums"], "The White House and Museum of the Confederacy": ["Specialty Museums", "Military Museums", "History Museums", "Museums"], "Michigan Historical Museum": ["History Museums", "Museums"], "Virginia Museum of Fine Arts": ["Art Museums", "Museums"], "Terry Lee Wells Nevada Discovery Museum": ["Science Museums", "Museums"], "Andrew Jackson's Hermitage": ["Specialty Museums", "Museums"], "Museum of Florida History": ["History Museums", "Museums"], "National Mall": ["National Parks", "Nature & Parks"], "George Jones Entertainment Complex": ["Specialty Museums", "Museums"], "Museum of the Big Bend": ["Specialty Museums", "Museums"], "Detroit Historical Museum": ["Specialty Museums", "History Museums", "Museums"], "American Sign Museum": ["Specialty Museums", "Museums"], "Phoenix Police Museum": ["History Museums", "Specialty Museums", "Museums"], "Santa Cruz Surfing Museum": ["Specialty Museums", "Museums"], "Isabella Stewart Gardner Museum": ["Art Museums", "Gardens", "Nature & Parks", "Museums"], "National Liberty Museum": ["History Museums", "Museums"], "Arizona State Museum": ["Natural History Museums", "Museums"], "National Museum of African Art": ["Art Museums", "Museums"], "Air Force Armament Museum": ["Military Museums", "Museums"], "Savannah Children's Museum": ["Children's Museums", "Museums"], "Houston Museum District": ["Specialty Museums", "Museums"], "St. Augustine Pirate & Treasure Museum": ["Specialty Museums", "Museums"], "The Buckhorn Saloon and Texas Ranger Museum": ["Specialty Museums", "Museums"], "Concord Museum": ["Specialty Museums", "Museums"], "Kern County Museum": ["History Museums", "Museums"], "The Cummer Museum of Art and Gardens": ["Art Museums", "Gardens", "Museums", "Nature & Parks"], "Wisconsin Historical Museum": ["History Museums", "Museums"], "The Money Museum at the Federal Reserve Bank - Denver Branch": ["Architectural Buildings", "Specialty Museums", "Sights & Landmarks", "Museums"], "Farnsworth Art Museum": ["Historic Sites", "Art Museums", "Museums", "Sights & Landmarks"], "US Army Museum of Hawaii": ["Specialty Museums", "Museums"], "Armed Forces History Museum": ["Military Museums", "Museums"], "Intrepid Sea, Air & Space Museum": ["Specialty Museums", "Museums"], "Museum of Discovery and Science": ["Science Museums", "Movie Theaters", "Fun & Games", "Museums"], "The Presbytere": ["Specialty Museums", "Museums"], "Museum of Sex": ["Specialty Museums", "Museums"], "Metal Museum": ["Specialty Museums", "Museums"], "Navy Seal Museum": ["Military Museums", "Museums"], "Santa Barbara Museum of Natural History": ["Natural History Museums", "Museums"], "Nauticus National Maritime Center": ["Specialty Museums", "Museums"], "Greensboro Children's Museum": ["Children's Museums", "Museums"], "Solomon R. Guggenheim Museum": ["Specialty Museums", "Museums"], "Pilgrim Monument & Provincetown Museum": ["Specialty Museums", "Museums"], "The Barnes Foundation": ["Art Museums", "Museums"], "Apalachicola Maritime Museum": ["Military Museums", "Museums"], "Puget Sound Navy Museum": ["Military Museums", "Museums"], "Union Pacific Railroad Museum": ["History Museums", "Specialty Museums", "Museums"], "Country Music Hall of Fame and Museum": ["Specialty Museums", "Museums"], "Museum of Contemporary Art": ["Art Museums", "Museums"], "Museum of History & Industry": ["Specialty Museums", "Museums"], "Bicycle Heaven": ["Specialty Museums", "Museums"], "Pacific Science Center": ["Science Museums", "Museums"], "Mill City Museum": ["History Museums", "Specialty Museums", "Museums"], "Military Aviation Museum": ["Military Museums", "Museums"], "Nassau County Museum of Art": ["Art Museums", "Museums"], "The Mini Time Machine Museum of Miniatures": ["Specialty Museums", "Museums"], "Texas Military Forces Museum": ["Military Museums", "Museums"], "Nevada Northern Railway Museum": ["Scenic Railroads", "Tours"], "Louisville Slugger Museum & Factory": ["Specialty Museums", "Museums"], "Fort Bliss and Old Ironsides Museums": ["Military Museums", "Museums"], "Johnson Museum of Art": ["Art Museums", "Museums"], "Frick Collection": ["Art Museums", "Museums"], "Mobile Carnival Museum": ["Specialty Museums", "Museums"], "Donner Memorial State Park and Emigrant Trail Museum": ["History Museums", "State Parks", "Nature & Parks", "Museums"], "Arizona Copper Art Museum": ["Art Museums", "Museums"], "The Sixth Floor Museum/Texas School Book Depository": ["Specialty Museums", "Museums"], "Lone Star Flight Museum": ["History Museums", "Specialty Museums", "Museums"], "National Cowboy & Western Heritage Museum": ["Historic Sites", "Art Museums", "History Museums", "Specialty Museums", "Museums", "Sights & Landmarks"], "Kemper Museum of Contemporary Art": ["Art Museums", "Museums"], "Detroit Institute of Arts": ["Art Museums", "Museums"], "The Exploratorium": ["Children's Museums", "Science Museums", "Museums"], "Fred Jones Jr. Museum of Art": ["Art Museums", "Museums"], "Hammer Museum": ["Art Galleries", "Art Museums", "Shopping", "Museums"], "Money Museum at the Federal Reserve Bank": ["Specialty Museums", "Museums"], "Bruce Museum": ["Art Museums", "Natural History Museums", "Museums"], "Union Station": ["Architectural Buildings", "Historic Sites", "Points of Interest & Landmarks", "Sights & Landmarks"], "Kenosha Public Museum": ["Specialty Museums", "Museums"], "Corning Museum of Glass": ["Art Museums", "Specialty Museums", "Museums"], "Museum of Military History": ["Specialty Museums", "Museums"], "National Baseball Hall of Fame and Museum": ["Specialty Museums", "Museums"], "Andy Warhol Museum": ["Art Museums", "Museums"], "Gibbes Museum of Art": ["Art Museums", "Museums"], "The Children's Museum of the Upstate": ["Children's Museums", "Museums"], "The Ringling": ["Specialty Museums", "Museums"], "Jekyll Island Museum": ["Visitor Centers", "Traveler Resources"], "The Getty Villa": ["Specialty Museums", "Museums"], "South Florida Science Center and Aquarium": ["Science Museums", "Museums"], "Lizzadro Museum of Lapidary Art": ["Specialty Museums", "Museums"], "Delta Flight Museum": ["Specialty Museums", "Museums"], "Illinois Holocaust Museum & Education Center": ["History Museums", "Art Galleries", "Museums", "Shopping"], "Peterson Air & Space Museum": ["Science Museums", "Military Museums", "Museums"], "Indianapolis Motor Speedway Museum": ["Auto Race Tracks", "Specialty Museums", "Sights & Landmarks", "Museums"], "Fort Worth Museum of Science & History": ["Specialty Museums", "Museums"], "Virginia Aviation Museum": ["Specialty Museums", "Museums"], "National Civil Rights Museum - Lorraine Motel": ["Historic Sites", "Monuments & Statues", "History Museums", "Specialty Museums", "Sights & Landmarks", "Museums"], "Children's Museum Tucson": ["Children's Museums", "Museums"], "Tillamook Air Museum": ["Specialty Museums", "Museums"], "EAA AirVenture Museum": ["Military Museums", "History Museums", "Specialty Museums", "Museums"], "Museum of World Treasures": ["Specialty Museums", "Museums"], "American Computer Museum": ["Specialty Museums", "Museums"], "Museum of Ojibwa Culture": ["History Museums", "Museums"], "Biedenharn Coca-Cola Museum": ["Specialty Museums", "Museums"], "Baker Heritage Museum": ["History Museums", "Museums"], "Columbia River Maritime Museum": ["Specialty Museums", "Bodies of Water", "Museums", "Nature & Parks"], "New Bedford Whaling Museum": ["Specialty Museums", "Museums"], "The DoSeum - San Antonio's Museum for Kids": ["Children's Museums", "Museums"], "Texas Civil War Museum": ["History Museums", "Specialty Museums", "Museums"], "American Museum of Natural History": ["Natural History Museums", "Museums"], "Harry S. Truman Library and Museum": ["Libraries", "History Museums", "Specialty Museums", "Museums", "Traveler Resources"], "The Museum @ Black Hills Institute": ["Natural History Museums", "Museums"], "Bainbridge Island Museum of Art": ["Specialty Museums", "Museums"], "Museum of Natural History": ["History Museums", "Natural History Museums", "Museums"], "Cincinnati Art Museum": ["Art Museums", "Ballets", "Concerts & Shows", "Museums"], "Joslyn Art Museum": ["Art Museums", "Museums"], "Wrangell Museum": ["Specialty Museums", "Museums"], "The Wolfsonian - Florida International University": ["Educational sites", "Art Museums", "Specialty Museums", "Museums", "Sights & Landmarks"], "Contemporary Jewish Museum": ["Specialty Museums", "Museums"], "Atlanta History Center": ["History Museums", "Gardens", "Nature & Parks", "Museums"], "Mel Fisher Maritime Heritage Museum": ["Specialty Museums", "Museums"], "NRA National Firearms Museum": ["History Museums", "Specialty Museums", "Museums"], "Michigan Military and Space Heroes Museum": ["Military Museums", "Museums"], "Albuquerque Museum": ["Art Museums", "History Museums", "Museums"], "Ogden Museum of Southern Art": ["Art Museums", "Museums"], "North Museum of Nature and Science": ["Science Museums", "Natural History Museums", "Museums"], "The Petroleum Museum": ["Specialty Museums", "Museums"], "Abbe Museum": ["History Museums", "Specialty Museums", "Museums"], "Wing Luke Museum of the Asian Pacific American Experience": ["Specialty Museums", "Museums"], "St. Petersburg Museum of History": ["Art Museums", "History Museums", "Museums"], "Graveyard of the Atlantic Museum": ["Specialty Museums", "Museums"], "Texas Ranger Hall of Fame and Museum": ["Specialty Museums", "Museums"], "Tennessee State Museum": ["History Museums", "Museums"], "Bullock Texas State History Museum": ["History Museums", "Museums"], "Villa Zorayda Museum": ["Specialty Museums", "Historic Sites", "Sights & Landmarks", "Museums"], "American Jazz Museum": ["Specialty Museums", "Museums"], "Valiant Air Command Warbird Museum": ["Military Museums", "Museums"], "Creation Museum": ["Specialty Museums", "Museums"], "University of Alaska Museum of the North": ["Specialty Museums", "Museums"], "Madame Tussauds DC": ["Art Galleries", "Museums", "Shopping"], "Altoona Railroaders Memorial Museum": ["History Museums", "Museums"], "Museum of Fine Arts": ["Art Museums", "Specialty Museums", "Museums"], "Thinkery": ["Children's Museums", "Museums"], "The Bakken Museum": ["Libraries", "Science Museums", "Traveler Resources", "Museums"], "Intel Corp and Museum": ["Factory Tours", "Specialty Museums", "Museums", "Tours"], "North Carolina Museum of History": ["Specialty Museums", "Museums"], "Japanese American National Museum": ["Specialty Museums", "Museums"], "The Getty Center": ["Specialty Museums", "Museums"], "State Museum of Pennsylvania": ["History Museums", "Museums"], "Worcester Art Museum": ["Art Museums", "Museums"], "Tallahassee Museum": ["Nature & Wildlife Areas", "Night Tours", "Natural History Museums", "Zipline & Aerial Adventure Parks", "Science Museums", "Museums", "Nature & Parks", "Outdoor Activities", "Tours"], "Danbury Railway Museum": ["Specialty Museums", "Museums"], "Utah State Railroad Museum": ["Specialty Museums", "Museums"], "Tread of Pioneers Museum": ["Historic Sites", "Libraries", "History Museums", "Traveler Resources", "Museums", "Sights & Landmarks"], "National Mississippi River Museum & Aquarium": ["Specialty Museums", "Zoos & Aquariums", "Museums", "Nature & Parks"], "Sedona Heritage Museum": ["History Museums", "Museums"], "Backstreet Cultural Museum": ["Specialty Museums", "Museums"], "John Wayne Birthplace & Museum": ["Historic Sites", "Specialty Museums", "Sights & Landmarks", "Museums"], "State Historical Museum": ["History Museums", "Museums"], "Virginia Museum of Transportation": ["Specialty Museums", "Museums"], "McLarty Treasure Museum": ["Specialty Museums", "Museums"], "Berkshire Museum": ["Specialty Museums", "Museums"], "Briscoe Western Art Museum": ["Specialty Museums", "Museums"], "Connecticut River Museum": ["Specialty Museums", "Museums"], "Adams Museum": ["History Museums", "Museums"], "The Franklin Institute": ["Science Museums", "Museums"], "Nasher Museum of Art at Duke University": ["Art Museums", "Museums"], "National Gallery of Art": ["Art Museums", "Museums"], "Greenville County Museum of Art": ["Art Museums", "Museums"], "Lyon Air Museum": ["Specialty Museums", "Museums"], "Dr Pepper Museum": ["Specialty Museums", "Museums"], "Mayborn Museum Complex": ["Specialty Museums", "Museums"], "Pierce-Arrow Museum": ["Specialty Museums", "History Museums", "Museums"], "Penrose Heritage Museum": ["Specialty Museums", "Museums"], "University of Nebraska State Museum": ["Natural History Museums", "Museums"], "Gerald R. Ford Museum": ["Specialty Museums", "Museums"], "Hubbard Museum of the American West": ["Specialty Museums", "Museums"], "Sternberg Museum of Natural History": ["Natural History Museums", "Museums"], "Pensacola Lighthouse and Museum": ["Lighthouses", "History Museums", "Sights & Landmarks", "Museums"], "Forney Museum of Transportation": ["Specialty Museums", "Museums"], "Museum of American Speed": ["Specialty Museums", "Museums"], "Maryhill Museum of Art": ["Specialty Museums", "Museums"], "National Railroad Museum": ["Specialty Museums", "Museums"], "Madame Tussauds - Las Vegas": ["Specialty Museums", "Museums"], "Wheelwright Museum of the American Indian": ["Specialty Museums", "Museums"], "Fort Lauderdale Antique Car Museum": ["Specialty Museums", "Museums"], "Elvis Presley Birthplace & Museum": ["Historic Sites", "Specialty Museums", "Sights & Landmarks", "Museums"], "Liberty Aviation Museum": ["Military Museums", "Specialty Museums", "History Museums", "Museums"], "Cape Fear Museum": ["Children's Museums", "History Museums", "Museums"], "Richard H. Driehaus Museum": ["Specialty Museums", "Museums"], "Alaska State Museum": ["Specialty Museums", "Museums"], "Autry Museum of the American West": ["History Museums", "Museums"], "Smithsonian National Museum of Natural History": ["Natural History Museums", "Museums"], "International Spy Museum": ["Specialty Museums", "Museums"], "Palm Springs Art Museum": ["Art Museums", "Museums"], "Oriental Institute Museum": ["Specialty Museums", "Museums"], "Museum of Death": ["Specialty Museums", "Museums"], "National Czech & Slovak Museum & Library": ["Specialty Museums", "Museums"], "Elliott Museum": ["Specialty Museums", "Museums"], "USS Midway Museum": ["Specialty Museums", "Museums"], "Heritage Museums & Gardens": ["Specialty Museums", "Museums"], "Museum of Fine Arts, Houston": ["Art Museums", "Museums"], "Cradle of Aviation Museum": ["Specialty Museums", "Museums"], "The Houston Museum of Natural Science": ["Specialty Museums", "Science Museums", "Museums"], "National Watch and Clock Museum": ["History Museums", "Gift & Specialty Shops", "Specialty Museums", "Shopping", "Museums"], "Columbia Museum of Art": ["Art Museums", "Museums"], "International Civil Rights Center & Museum": ["Specialty Museums", "Museums"], "Museum of the Moving Image": ["Specialty Museums", "Museums"], "American Airpower Museum": ["History Museums", "Specialty Museums", "Museums"], "Smithsonian American Art Museum": ["Art Museums", "History Museums", "Museums"], "Ripley's Believe It or Not! Odditorium": ["Specialty Museums", "Museums"], "Whitney Museum of American Art": ["Literary, Art & Music Tours", "Art Museums", "Museums", "Tours"], "Dwight D. Eisenhower Library and Museum": ["Specialty Museums", "Museums"], "National Border Patrol Museum": ["Specialty Museums", "Museums"], "The Mariners' Museum & Park": ["Specialty Museums", "Museums"], "Philbrook Museum of Art": ["Art Museums", "Museums"], "National Museum of the Great Lakes": ["Specialty Museums", "Museums"], "Oklahoma Route 66 Museum": ["Specialty Museums", "Museums"], "Smithsonian National Air and Space Museum Steven F. Udvar-Hazy Center": ["Specialty Museums", "Museums"], "Long Beach Museum of Art": ["Art Museums", "Museums"], "Orlando Museum of Art": ["Specialty Museums", "Museums"], "The Field Museum": ["Specialty Museums", "Museums"], "Sky City Cultural Center & Haak'u Museum": ["Points of Interest & Landmarks", "History Museums", "Museums", "Sights & Landmarks"], "Center for Civil and Human Rights": ["Art Galleries", "Points of Interest & Landmarks", "Art Museums", "Shopping", "Sights & Landmarks", "Museums"], "Children's Discovery Museum": ["Children's Museums", "Museums"], "Arizona-Sonora Desert Museum": ["Specialty Museums", "Art Galleries", "Natural History Museums", "Museums", "Shopping"], "Children's Museum of Denver": ["Lessons & Workshops", "Children's Museums", "Classes & Workshops", "Museums"], "Weisman Art Museum": ["Art Museums", "Museums"], "Stax Museum of American Soul Music": ["Educational sites", "Specialty Museums", "Sights & Landmarks", "Museums"], "North Carolina Museum of Art": ["Art Museums", "Museums"], "Hollywood Star Cars Museum": ["Specialty Museums", "Museums"], "The National 9/11 Memorial & Museum": ["Specialty Museums", "Points of Interest & Landmarks", "Monuments & Statues", "Historic Sites", "Sights & Landmarks", "Museums"], "Cape Ann Museum": ["Art Museums", "History Museums", "Museums"], "Norton Simon Museum": ["Art Museums", "Museums"], "National Geographic Museum": ["Natural History Museums", "Museums"], "Indian Pueblo Cultural Center": ["History Museums", "Natural History Museums", "Specialty Museums", "Museums"], "The Hershey Story": ["Specialty Museums", "Museums"], "Kansas Museum of History": ["History Museums", "Museums"], "T.T. Wentworth Jr. Florida State Museum": ["History Museums", "Museums"], "Wisconsin Maritime Museum": ["Military Museums", "History Museums", "Museums"], "Colorado Railroad Museum": ["Specialty Museums", "Museums"], "Minnesota Marine Art Museum": ["Art Museums", "Museums"], "West Point Museum": ["Military Museums", "Museums"], "John Wesley Powell River History Museum": ["History Museums", "Museums"], "Arabia Steamboat Museum": ["History Museums", "Museums"], "Old Sacramento": ["Specialty Museums", "Museums"], "North Carolina Maritime Museum": ["Specialty Museums", "Museums"], "Appleton Museum of Art": ["Art Museums", "Museums"], "Civil War Museum": ["Military Museums", "Museums"], "Children's Museum of Virginia": ["Children's Museums", "Museums"], "Fairbanks Museum and Planetarium": ["Specialty Museums", "Museums"], "New York City Fire Museum": ["Bridges", "Children's Museums", "Specialty Museums", "Museums", "Sights & Landmarks"], "John Wesley Powell Museum": ["History Museums", "Specialty Museums", "Museums"], "Elverhoj Museum": ["Specialty Museums", "Museums"], "Baltimore Museum of Industry": ["History Museums", "Specialty Museums", "Museums"], "Sharpsteen Museum": ["Specialty Museums", "Museums"], "DAR Museum": ["History Museums", "Museums"], "The Museum of Modern Art (MoMA)": ["Art Museums", "Museums"], "The Museum of Flight": ["Specialty Museums", "Museums"], "Florida Holocaust Museum": ["History Museums", "Museums"], "Museum of Aviation": ["Military Museums", "Museums"], "Hollywood Wax Museum": ["Specialty Museums", "Museums"], "Lane Motor Museum": ["Specialty Museums", "Museums"], "MIT Museum": ["Specialty Museums", "Art Galleries", "Science Museums", "Shopping", "Museums"], "Tank Museum": ["History Museums", "Museums"], "Road To Tara Museum": ["Specialty Museums", "Museums"], "The Met Cloisters": ["Sacred & Religious Sites", "Art Museums", "Sights & Landmarks", "Museums"], "Galveston Island Railroad Museum and Terminal": ["Specialty Museums", "Museums"], "East Texas Oil Museum": ["Specialty Museums", "Museums"], "U.S. Army Transportation Museum": ["Specialty Museums", "Museums"], "Cosmosphere": ["Science Museums", "Museums"], "Memorial Hall Confederate Civil War Museum": ["Military Museums", "Museums"], "Leepa-Rattner Museum of Art": ["Art Museums", "Museums"], "Hampton Roads Naval Museum": ["Military Museums", "Museums"], "Gettysburg Museum & Visitor Center": ["Specialty Museums", "Museums"], "Wisconsin Veterans Museum": ["Specialty Museums", "Museums"], "Tucson Museum of Art and Historic Block": ["History Museums", "Art Museums", "Museums"], "Carnegie Museum of Art": ["Art Museums", "Museums"], "San Francisco Railway Museum": ["Specialty Museums", "Museums"], "Norman Rockwell Museum": ["Art Museums", "Museums"], "Museum of Biblical Art": ["Specialty Museums", "Museums"], "The Manassas Museum": ["Specialty Museums", "Museums"], "New York Transit Museum": ["Specialty Museums", "Museums"], "Crystal Bridges Museum of American Art": ["Art Museums", "Museums"], "Evergreen Aviation & Space Museum": ["Valleys", "Specialty Museums", "Nature & Parks", "Museums"], "Wells Fargo History Museum": ["History Museums", "Museums"], "McKenna Children's Museum": ["Children's Museums", "Museums"], "Revs Institute for Automotive Research, Inc.": ["Specialty Museums", "Museums"], "Petersen Automotive Museum": ["Specialty Museums", "Museums"], "Museum of Idaho": ["History Museums", "Museums"], "Museum Hack DC": ["Cultural Tours", "Walking Tours", "Tours"], "Commemorative Air Force Museum": ["Military Museums", "Museums"], "Nevada Museum of Art": ["Art Museums", "Museums"], "Titanic Museum Attraction": ["Specialty Museums", "Museums"], "Chazen Museum of Art": ["Art Museums", "Museums"], "Perez Art Museum Miami": ["Art Museums", "Museums"], "Lowe Art Museum": ["Art Museums", "Museums"], "Racine Art Museum": ["Architectural Buildings", "Art Museums", "Sights & Landmarks", "Museums"], "Buffalo Bill Center of the West": ["History Museums", "Specialty Museums", "Museums"], "Walton's Mountain Museum": ["Specialty Museums", "Museums"], "SCAD Museum of Art": ["Art Museums", "Museums"], "Historic Jamestowne": ["History Museums", "Historic Sites", "Sights & Landmarks", "Museums"], "B.B. King Museum and Delta Interpretive Center": ["Specialty Museums", "Museums"], "Lake Placid Olympic Museum": ["Sports Complexes", "Specialty Museums", "Museums", "Fun & Games"], "Science Museum of Virginia": ["Science Museums", "Museums"], "Ah-Tah-Thi-Ki Museum": ["Specialty Museums", "Museums"], "Children's Museum of Indianapolis": ["Children's Museums", "Museums"], "Vizcaya Museum and Gardens": ["Specialty Museums", "Museums"], "LSU Rural Life Museum": ["Historic Sites", "History Museums", "Specialty Museums", "Museums", "Sights & Landmarks"], "Calvert Marine Museum and Drum Point Lighthouse": ["Lighthouses", "Specialty Museums", "Museums", "Sights & Landmarks"], "Veterans Memorial Museum": ["History Museums", "Specialty Museums", "Museums"], "Asian Art Museum": ["Art Museums", "Museums"], "LeMay - America's Car Museum": ["Specialty Museums", "Museums"], "Hill Aerospace Museum": ["Specialty Museums", "Museums"], "Discovery Park of America": ["Specialty Museums", "Museums"], "Portland Children's Museum": ["Children's Museums", "Museums"], "Mobile Museum of Art": ["Art Museums", "Museums"], "Witte Museum": ["Specialty Museums", "Museums"], "USS Constitution Museum": ["History Museums", "Museums"], "Nevada State Museum": ["History Museums", "Natural History Museums", "Museums"], "Rodin Museum": ["Art Museums", "Museums"], "Park City Museum": ["History Museums", "Museums"], "Chicago Children's Museum": ["Children's Museums", "Museums"], "Oregon Museum of Science and Industry": ["Specialty Museums", "Museums"], "The Aviation Museum of Kentucky": ["Specialty Museums", "Museums"], "Henry Morrison Flagler Museum": ["Specialty Museums", "Museums"], "National Museum of Mathematics": ["Specialty Museums", "Museums"], "Mississippi River Museum at Mud Island": ["History Museums", "Specialty Museums", "Museums"], "The Whale Museum": ["Specialty Museums", "Museums"], "Mingei International Museum": ["Specialty Museums", "Museums"], "Motorcyclepedia Museum": ["Specialty Museums", "Museums"], "Museum of Science and Industry": ["Science Museums", "Museums"], "Children\u2019s Museum of Phoenix": ["Children's Museums", "Museums"], "National Museum of Mexican Art": ["Art Museums", "Museums"], "Boston Children's Museum": ["Children's Museums", "Museums"], "Science Museum Oklahoma": ["Specialty Museums", "Museums"], "David J. Sencer CDC Museum": ["Specialty Museums", "Museums"], "Palm Springs Art Museum in Palm Desert": ["Art Museums", "Museums"], "Edgar Allan Poe Museum": ["Historic Sites", "History Museums", "Specialty Museums", "Sights & Landmarks", "Museums"], "Museum of Osteology": ["Natural History Museums", "Museums"], "New Orleans City Park": ["Nature & Parks"], "Museum Hack": ["Private Tours", "Cultural Tours", "Tours"], "National Mining Hall of Fame & Museum": ["Specialty Museums", "Museums"], "The Blanton Museum of Art": ["Art Museums", "Museums"], "National Mustard Museum": ["Specialty Museums", "Museums"], "Arizona Science Center": ["Science Museums", "Museums"], "Collier County Museum": ["Specialty Museums", "Museums"], "Frontiers of Flight Museum": ["Specialty Museums", "Museums"], "de Young Museum": ["Specialty Museums", "Museums"], "James A. Michener Art Museum": ["Historic Sites", "Art Museums", "Museums", "Sights & Landmarks"], "Amelia Island Museum of History": ["History Museums", "Museums"], "Marco Island Historical Museum": ["History Museums", "Museums"], "Portland Art Museum": ["Specialty Museums", "Museums"], "Toledo Museum of Art": ["Art Museums", "Museums"], "Mississippi Museum of Art": ["Art Museums", "Museums"], "Maine Maritime Museum": ["Specialty Museums", "Museums"], "Oz Museum": ["Specialty Museums", "Museums"], "Fort Sumter National Monument": ["Military Bases & Facilities", "Historic Sites", "History Museums", "Sights & Landmarks", "Museums"], "Natural History Museum of Los Angeles County": ["Natural History Museums", "Museums"], "The Rockwell Museum": ["Art Museums", "Museums"], "Jell-O Gallery Museum": ["Specialty Museums", "Museums"], "Musical Instrument Museum": ["Specialty Museums", "Museums"], "Ohr-O'Keefe Museum of Art": ["Art Museums", "Museums"], "Wings Over the Rockies Air & Space Museum": ["Specialty Museums", "Museums"], "National Building Museum": ["History Museums", "Museums"], "Denver Art Museum": ["Art Museums", "Museums"], "Meadows Museum": ["Art Museums", "Museums"], "Fort Pitt Museum": ["History Museums", "Museums"], "Jewish Museum of Florida - FIU": ["History Museums", "Specialty Museums", "Museums"], "C.M. Russell Museum": ["Specialty Museums", "Museums"], "Glazer Children's Museum": ["Children's Museums", "Museums"], "Cleveland Museum of Art": ["Art Museums", "Museums"], "Telfair Museums Telfair Academy": ["Art Museums", "Museums"], "Columbus Museum": ["Art Museums", "History Museums", "Museums"], "Muscle Car City Museum": ["Specialty Museums", "Museums"], "Las Vegas Natural History Museum": ["Natural History Museums", "Museums"], "National Postal Museum": ["Specialty Museums", "Museums"], "Rocky Statue": ["Monuments & Statues", "Sights & Landmarks"], "Springfield Museums": ["Children's Museums", "Science Museums", "History Museums", "Natural History Museums", "Art Museums", "Museums"], "Madame Tussauds Hollywood": ["Specialty Museums", "Museums"], "Wadsworth Atheneum Museum of Art": ["Art Museums", "Museums"], "Madame Tussauds Orlando": ["Specialty Museums", "Museums"], "New Orleans Pharmacy Museum": ["Specialty Museums", "Museums"], "Burpee Museum of Natural History": ["Natural History Museums", "Museums"], "Los Alamos Historical Museum": ["History Museums", "Museums"], "Anderson-Abruzzo International Balloon Museum": ["History Museums", "Specialty Museums", "Museums"], "The National Quilt Museum": ["Specialty Museums", "Museums"], "Reading Public Museum": ["Specialty Museums", "Museums"], "Billy the Kid Museum": ["History Museums", "Museums"], "Cedar Key Historical Society Museum": ["History Museums", "Museums"], "Rubin Museum of Art": ["Specialty Museums", "Museums"], "National Museum of Civil War Medicine": ["History Museums", "Specialty Museums", "Museums"], "Washington State History Museum": ["Specialty Museums", "Museums"], "The History Museum": ["History Museums", "Museums"], "Norton Museum of Art": ["Art Museums", "Museums"], "Pony Express Museum": ["Specialty Museums", "Museums"], "The Money Museum": ["Specialty Museums", "Museums"], "National Museum of the United States Navy": ["Military Museums", "Museums"], "National Museum of American Jewish History": ["History Museums", "Museums"], "The Hollywood Museum": ["Specialty Museums", "Museums"], "National Naval Aviation Museum": ["Military Museums", "Specialty Museums", "Museums"], "Kokee Natural History Museum": ["Specialty Museums", "Museums"], "Forest Park": ["Nature & Parks"], "Newark Museum": ["Historic Sites", "Art Museums", "History Museums", "Museums", "Sights & Landmarks"], "The Walmart Museum": ["History Museums", "Museums"], "Museum of Native American History": ["History Museums", "Museums"], "Sharlot Hall Museum": ["History Museums", "Museums"], "Barksdale Global Power Museum": ["Military Museums", "Museums"], "Southern Museum of Civil War and Locomotive History": ["History Museums", "Museums"], "Richard Nixon Presidential Library and Museum": ["Historic Sites", "Libraries", "History Museums", "Museums", "Traveler Resources", "Sights & Landmarks"], "La Brea Tar Pits and Museum": ["Historic Sites", "History Museums", "Natural History Museums", "Science Museums", "Specialty Museums", "Sights & Landmarks", "Museums"], "Jamestown Settlement": ["Historic Sites", "Ships", "Sights & Landmarks"], "Zippo / Case Museum": ["Specialty Museums", "Museums"], "Museum of the Shenandoah Valley": ["Art Museums", "History Museums", "Museums"], "South Carolina State Museum": ["Specialty Museums", "Museums"], "The Grammy Museum": ["Specialty Museums", "Museums"], "The Dali Museum": ["Specialty Museums", "Museums"], "Museum of Arts and Design": ["Art Museums", "Specialty Museums", "Museums"], "Belz Museum of Asian & Judaic Art": ["Art Museums", "Museums"], "Oakland Museum of California": ["Specialty Museums", "Museums"], "The Journey Museum & Learning Center": ["Specialty Museums", "Museums"], "Walt Disney Family Museum": ["Specialty Museums", "Museums"], "Omaha Children's Museum": ["Children's Museums", "Museums"], "Brandywine River Museum of Art": ["Specialty Museums", "Art Museums", "Museums"], "Minneapolis Institute of Art": ["Art Museums", "Museums"], "Senator John Heinz History Center": ["History Museums", "Museums"], "Martin Auto Museum": ["Specialty Museums", "Museums"], "Gangster Museum of America": ["History Museums", "Specialty Museums", "Museums"], "Museum of The Weird": ["Specialty Museums", "Museums"], "Bisbee Mining & Historical Museum": ["History Museums", "Specialty Museums", "Museums"], "Texas Prison Museum": ["Specialty Museums", "Museums"], "Peabody Museum of Archaeology and Ethnology": ["Specialty Museums", "Museums"], "Campus Martius Museum": ["Specialty Museums", "Museums"], "Levine Museum of the New South": ["Specialty Museums", "Museums"], "Chihuly Garden and Glass": ["Art Museums", "Art Galleries", "Shopping", "Museums"], "Musicians Hall of Fame and Museum": ["Specialty Museums", "Museums"], "Ghost Town Museum": ["Specialty Museums", "Museums"], "Museum of Transportation": ["Specialty Museums", "Museums"], "New Museum": ["Art Museums", "Museums"], "IL Route 66 Association Hall of Fame & Museum": ["Specialty Museums", "Museums"], "Monterey Museum of Art - Pacific Street": ["Art Museums", "Museums"], "Harvard Museum of Natural History": ["Natural History Museums", "Museums"], "New Mexico Museum of Natural History and Science": ["Natural History Museums", "Museums"], "Bass Museum of Art": ["Art Museums", "Museums"], "USS Silversides Submarine Museum": ["Specialty Museums", "Museums"], "Vulcan Park and Museum": ["Monuments & Statues", "Lookouts", "Sights & Landmarks", "Nature & Parks"], "Taft Museum of Art": ["Art Museums", "Museums"], "The Haggin Museum": ["Specialty Museums", "Museums"], "California State Railroad Museum": ["Specialty Museums", "Museums"], "911 Ground Zero Tour": ["Private Tours", "Historical & Heritage Tours", "Walking Tours", "City Tours", "Tours"], "Northeastern Nevada Museum": ["Specialty Museums", "Museums"], "Loretta Lynn's Ranch": ["Specialty Museums", "Museums"], "Buffalo Bill Grave and Museum": ["Cemeteries", "History Museums", "Museums", "Sights & Landmarks"], "Salt and Pepper Shaker Museum": ["Specialty Museums", "Museums"], "Southwest Florida Museum of History": ["History Museums", "Museums"], "Maritime and Seafood Industry Museum": ["Specialty Museums", "Museums"], "Penn Museum": ["Specialty Museums", "Museums"], "Nelson-Atkins Museum of Art": ["Art Museums", "Museums"], "Palm Springs Air Museum": ["Educational sites", "History Museums", "Specialty Museums", "Museums", "Sights & Landmarks"], "Mud Island River Park": ["History Museums", "Nature & Parks", "Museums"], "Warther Museum": ["Specialty Museums", "Museums"], "Wright Museum of WWII": ["History Museums", "Museums"], "Deming Luna Mimbres Museum": ["History Museums", "Museums"], "Laura Ingalls Wilder Historic Home and Museum": ["Historic Sites", "History Museums", "Museums", "Sights & Landmarks"], "The Museum at Bethel Woods": ["History Museums", "Specialty Museums", "Museums"], "Museum of the Earth": ["Natural History Museums", "Science Museums", "Museums"], "The Eiteljorg Museum": ["Specialty Museums", "Museums"], "Memphis Rock 'n' Soul Museum": ["History Museums", "Specialty Museums", "Museums"], "Klondike Gold Rush National Historical Park": ["Nature & Parks"], "Historic Arkansas Museum": ["Specialty Museums", "Museums"], "Confederate Museum": ["History Museums", "Museums"], "Old Slave Mart Museum": ["History Museums", "Museums"], "Negro Leagues Baseball Museum": ["Specialty Museums", "Museums"], "Witch Dungeon Museum": ["History Museums", "Specialty Museums", "Museums"], "Zwaanendael Museum": ["History Museums", "Museums"], "New Orleans Museum of Art": ["Specialty Museums", "Museums"], "Merry-Go-Round Museum": ["Specialty Museums", "Museums"], "Glenn H. Curtiss Museum": ["History Museums", "Specialty Museums", "Museums"], "The Baker Museum": ["Art Museums", "Museums"], "National Route 66 Museum": ["Specialty Museums", "Museums"], "The Walters Art Museum": ["Art Museums", "Museums"], "Evansville Museum of Arts, History & Science": ["Science Museums", "Observatories & Planetariums", "Art Museums", "History Museums", "Museums"], "Marietta Museum of History": ["History Museums", "Museums"], "Benjamin Franklin Museum": ["Specialty Museums", "Museums"], "The Museum of Western Art": ["Art Museums", "Museums"], "Maine Lighthouse Museum": ["Lighthouses", "Specialty Museums", "Sights & Landmarks", "Museums"], "World of Chocolate Museum and Cafe": ["Gift & Specialty Shops", "Shopping"], "Hillwood Museum & Gardens": ["Historic Sites", "Art Museums", "Gardens", "Museums", "Nature & Parks", "Sights & Landmarks"], "National Cryptologic Museum": ["Specialty Museums", "Museums"], "Pima Air & Space Museum": ["Specialty Museums", "Museums"], "Cable Car Museum": ["Specialty Museums", "Museums"], "City Museum": ["Specialty Museums", "Museums"], "Fountainhead Antique Auto Museum": ["Specialty Museums", "Museums"], "Museum of Science and History": ["History Museums", "Museums"], "American Visionary Art Museum": ["Specialty Museums", "Museums"], "Coastal Discovery Museum": ["Specialty Museums", "Museums"], "Mid-America Science Museum": ["Specialty Museums", "Science Museums", "Other Outdoor Activities", "Educational sites", "Children's Museums", "Museums", "Sights & Landmarks", "Outdoor Activities"], "Route 66 Mother Road Museum": ["Specialty Museums", "Museums"], "Chihuly Collection": ["Art Museums", "Museums"], "Buffalo Soldiers National Museum": ["Military Museums", "Specialty Museums", "Museums"], "Balboa Park": ["Playgrounds", "Gardens", "Nature & Parks", "Fun & Games"], "Arizona Museum of Natural History": ["Specialty Museums", "Museums"], "The National Museum of Nuclear Science & History": ["Science Museums", "Specialty Museums", "Museums"], "Ocean City Life-Saving Station Museum": ["Specialty Museums", "Museums"], "Rhode Island School of Design Museum of Art": ["Art Museums", "Museums"], "National Infantry Museum and Soldier Center": ["History Museums", "Military Museums", "Museums"], "Williams College Museum of Art": ["Art Museums", "Museums"], "Illinois State Museum": ["Specialty Museums", "Museums"], "U.S. Space and Rocket Center": ["Science Museums", "Museums"], "Pratt Museum": ["Specialty Museums", "Museums"], "Oklahoma City Museum of Art": ["Art Museums", "Museums"], "21c Museum Hotel": ["Specialty Museums", "Museums"], "Naval Air Station Wildwood Aviation Museum": ["Military Museums", "Museums"], "America on Wheels Museum": ["Specialty Museums", "Museums"], "The Strong National Museum of Play": ["Children's Museums", "Museums"], "Museum of the City of New York": ["History Museums", "Specialty Museums", "Museums"], "Akta Lakota Museum": ["History Museums", "Museums"], "Auburn Cord Duesenberg Automobile Museum": ["Specialty Museums", "Museums"], "Noguchi Museum": ["Specialty Museums", "Museums"], "Silent Wings Museum": ["Specialty Museums", "Museums"], "Seattle Art Museum": ["Art Museums", "Museums"], "New Mexico Museum of Space History": ["Specialty Museums", "Museums"], "John F Kennedy Hyannis Museum": ["Specialty Museums", "Museums"], "History Colorado Center": ["History Museums", "Museums"], "Smithsonian Institution Building": ["Specialty Museums", "Museums"], "National Museum of Women in the Arts": ["Specialty Museums", "Museums"], "Franklin G. Burroughs - Simeon B. Chapin Art Museum": ["Art Museums", "Museums"], "Gallatin History Museum": ["History Museums", "Museums"], "Abraham Lincoln Presidential Library and Museum": ["Libraries", "History Museums", "Museums", "Traveler Resources"], "George Eastman Museum": ["History Museums", "Specialty Museums", "Museums"], "Jim Gatchell Memorial Museum": ["History Museums", "Museums"], "Indianapolis Museum of Art": ["Specialty Museums", "Historic Sites", "Gardens", "Museums", "Nature & Parks", "Sights & Landmarks"], "Legion of Honor": ["Art Museums", "Museums"], "Charles H. Wright Museum of African American History": ["Libraries", "History Museums", "Traveler Resources", "Museums"], "Amon Carter Museum of American Art": ["Specialty Museums", "Museums"], "Laws Railroad Museum": ["History Museums", "Museums"], "Texas Maritime Museum": ["Military Museums", "Museums"], "SKELETONS: Animals Unveiled": ["Natural History Museums", "Science Museums", "Museums"], "Penske Racing Museum": ["Specialty Museums", "Museums"], "Cornell Fine Arts Museum": ["Art Museums", "Museums"], "Smoki Museum": ["History Museums", "Museums"], "Harvard Art Museums": ["Art Museums", "Museums"], "Art Institute of Chicago": ["Art Museums", "Museums"], "Kirkland Museum of Fine & Decorative Art": ["Specialty Museums", "Museums"], "South Florida Museum and Bishop Planetarium": ["Specialty Museums", "Museums"], "World's Largest Toy Museum": ["Specialty Museums", "Museums"], "U.S. Veterans Memorial Museum": ["History Museums", "Military Museums", "Museums"], "Cooper Hewitt, Smithsonian Design Museum": ["Historic Sites", "Art Museums", "Museums", "Sights & Landmarks"], "History Museum of Mobile": ["History Museums", "Museums"], "Museum of Northern Arizona": ["Specialty Museums", "Museums"], "Bellevue Arts Museum (BAM)": ["Art Museums", "Museums"], "Tongass Historical Museum": ["History Museums", "Museums"], "National Museum of Wildlife Art": ["Specialty Museums", "Historical & Heritage Tours", "Art Museums", "Tours", "Museums"], "Nantucket Shipwreck & Lifesaving Museum": ["History Museums", "Specialty Museums", "Museums"], "Edison & Ford Winter Estates": ["Historic Sites", "Gardens", "Nature & Parks", "Sights & Landmarks"], "New Mexico History Museum": ["Specialty Museums", "Museums"], "Michael C. Carlos Museum": ["Art Museums", "Museums"], "Millicent Rogers Museum": ["Art Museums", "Specialty Museums", "Museums"], "Bishop Museum": ["Specialty Museums", "Museums"], "Dr. Seuss National Memorial Sculpture Garden": ["Monuments & Statues", "Points of Interest & Landmarks", "Gardens", "Nature & Parks", "Sights & Landmarks"], "Historic Pensacola Village": ["Historical & Heritage Tours", "Specialty Museums", "Self-Guided Tours & Rentals", "Tours", "Museums"], "Glore Psychiatric Museum": ["Specialty Museums", "Museums"], "Rosa Parks Library and Museum": ["History Museums", "Museums"], "Erie Canal Museum": ["History Museums", "Museums"], "Potter's Wax Museum": ["Specialty Museums", "Museums"], "Charleston Museum": ["History Museums", "Museums"], "The National Archives Museum": ["Specialty Museums", "Museums"], "MOAS - Museum of Arts and Sciences": ["Specialty Museums", "Museums"], "George Bush Presidential Library and Museum": ["Libraries", "History Museums", "Specialty Museums", "Museums", "Traveler Resources"], "The Bailey-Matthews National Shell Museum": ["Specialty Museums", "Museums"], "Milwaukee Art Museum": ["Art Museums", "Museums"], "Charles M. Schulz Museum": ["Libraries", "Specialty Museums", "Traveler Resources", "Museums"], "Tellus Science Museum": ["Science Museums", "Museums"], "aSHEville Museum": ["Gift & Specialty Shops", "History Museums", "Specialty Museums", "Museums", "Shopping"], "Cantor Arts Center": ["Art Museums", "Museums"], "Virginia Holocaust Museum": ["History Museums", "Specialty Museums", "Museums"], "Silver City Museum": ["History Museums", "Museums"], "Lucy Desi Center For Comedy": ["Specialty Museums", "Museums"], "Panhandle-Plains Historical Museum": ["History Museums", "Museums"], "Titan Missile Museum": ["Military Museums", "Museums"], "Old Red Museum": ["Historic Sites", "Points of Interest & Landmarks", "Sights & Landmarks"], "Pearl Harbor / WW II Valor in the Pacific National Monument": ["Historic Sites", "Historic Walking Areas", "Military Bases & Facilities", "Sights & Landmarks"], "Strasburg Rail Road": ["Tramways", "Scenic Railroads", "Tours", "Transportation"], "Stuhr Museum of the Prairie Pioneer": ["History Museums", "Museums"], "Temecula Museum": ["Specialty Museums", "Museums"], "Reynolda House Museum of American Art": ["Art Museums", "Museums"], "Nevada State Railroad Museum": ["History Museums", "Specialty Museums", "Museums"], "Fort Collins Museum of Discovery": ["Specialty Museums", "Museums"], "Destin History & Fishing Museum": ["History Museums", "Museums"], "Missouri History Museum": ["History Museums", "Museums"], "Vesterheim": ["History Museums", "Specialty Museums", "Museums"], "National Civil War Naval Museum": ["History Museums", "Museums"], "Culinary Arts Museum": ["Specialty Museums", "Museums"], "Baltimore Museum of Art": ["Art Museums", "Museums"], "Estrella Warbird Air Museum": ["Specialty Museums", "Museums"], "John F. Kennedy Presidential Museum & Library": ["Libraries", "History Museums", "Specialty Museums", "Museums", "Traveler Resources"], "Mark Twain Boyhood Home and Museum": ["Historic Sites", "Sights & Landmarks"], "Museum of the Confederacy-Appomattox": ["History Museums", "Museums"], "Studebaker National Museum": ["Specialty Museums", "Museums"], "Mid-Hudson Children's Museum": ["Children's Museums", "Museums"], "Armstrong Air & Space Museum": ["Science Museums", "Museums"], "Gilmore Car Museum": ["Specialty Museums", "Museums"], "Los Angeles Museum of the Holocaust": ["History Museums", "Museums"], "Fire Museum of Memphis": ["Specialty Museums", "Museums"], "Museum of the Everglades": ["Specialty Museums", "Museums"], "Peabody Essex Museum": ["Specialty Museums", "Museums"], "Boca Raton Museum of Art": ["Art Museums", "Museums"], "Discovery Center Museum": ["Children's Museums", "Museums"], "Fort Monroe's Casemate Museum": ["History Museums", "Specialty Museums", "Museums"], "Washington County Museum of Fine Arts": ["Art Museums", "Museums"], "Museum at Prairiefire": ["Specialty Museums", "Museums"], "Turquoise Museum": ["Specialty Museums", "Museums"], "The Lightner Museum": ["Specialty Museums", "Museums"], "Dallas Holocaust Museum": ["Specialty Museums", "Museums"], "Nasher Sculpture Center": ["Art Museums", "Gardens", "Museums", "Nature & Parks"], "Vero Beach Museum of Art": ["Art Museums", "Museums"], "Columbus Museum of Art": ["Art Museums", "Museums"], "Charles H. MacNider Art Museum": ["Art Museums", "Museums"], "Saint Louis Art Museum": ["Art Museums", "Museums"], "National Automobile Museum": ["Specialty Museums", "Museums"], "Tenement Museum": ["Specialty Museums", "Museums"], "Museum of Glass": ["Art Museums", "Specialty Museums", "Museums"], "Kentucky Derby Museum": ["Specialty Museums", "Museums"], "Gilcrease Museum": ["Art Museums", "Gardens", "Museums", "Nature & Parks"], "Children's Museum of Winston-Salem": ["Children's Museums", "Museums"], "U.S. Air Force Space & Missile Museum": ["Specialty Museums", "Museums"], "Mint Museum Uptown": ["Specialty Museums", "Museums"], "Shangri La": ["Architectural Buildings", "Historic Sites", "Art Museums", "Sights & Landmarks", "Museums"], "Museum of the West": ["Science Museums", "Museums"], "International Towing and Recovery Museum": ["Specialty Museums", "Museums"], "The Tech Museum of Innovation": ["Specialty Museums", "Museums"], "Galena / Jo Daviess County Historical Society and Museum": ["History Museums", "Museums"], "New York State Museum": ["History Museums", "Natural History Museums", "Nature & Wildlife Areas", "Museums", "Nature & Parks"], "San Diego Air & Space Museum": ["Specialty Museums", "Museums"], "The Mark Twain House & Museum": ["Historic Sites", "History Museums", "Sights & Landmarks", "Museums"], "The Holocaust Museum & Education Center of Southwest Florida": ["History Museums", "Museums"], "Savannah History Museum": ["History Museums", "Museums"], "The Leonardo Museum": ["Specialty Museums", "Museums"], "San Juan County Historical Society": ["History Museums", "Museums"], "San Diego Museum of Art": ["Art Museums", "Museums"], "Corpus Christi Museum of Science and History": ["Science Museums", "Museums"], "Carolinas Aviation Museum": ["Specialty Museums", "Museums"], "Colorado Springs Pioneers Museum": ["History Museums", "Museums"], "Railroad Museum of Pennsylvania": ["History Museums", "Specialty Museums", "Museums"], "The National WWII Museum": ["Military Museums", "Specialty Museums", "Museums"], "Great Lakes Shipwreck Museum": ["Specialty Museums", "Museums"], "Boot Hill Museum": ["History Museums", "Museums"], "Christ in the Smokies Museum & Gardens": ["Specialty Museums", "Museums"], "Motown Museum": ["Historic Sites", "Specialty Museums", "Sights & Landmarks", "Museums"], "Southern Museum of Flight": ["Specialty Museums", "Museums"], "Charles Hosmer Morse Museum of American Art": ["Art Museums", "Museums"], "Morris Museum": ["Specialty Museums", "Museums"], "Holocaust Museum Houston": ["History Museums", "Museums"], "Carnegie Museum of Natural History": ["Natural History Museums", "Museums"], "Dallas Museum of Art": ["Art Museums", "Museums"], "Harland Sanders Cafe and Museum": ["History Museums", "Museums"], "El Paso Museum of Art": ["Art Museums", "Museums"], "Shelburne Museum": ["Specialty Museums", "Museums"], "Salem Witch Museum": ["History Museums", "Specialty Museums", "Museums"], "Museum of the Plains Indian": ["History Museums", "Specialty Museums", "Museums"], "World Erotic Art Museum (WEAM)": ["Specialty Museums", "Museums"], "Brooklyn Museum": ["Art Museums", "History Museums", "Natural History Museums", "Museums"], "Geneva Lake Museum of History": ["History Museums", "Museums"], "The Durham Museum": ["History Museums", "Museums"], "Riverfront Museum": ["Specialty Museums", "Museums"], "Mississippi Children's Museum": ["Children's Museums", "Museums"], "Sea Glass Museum": ["Specialty Museums", "Museums"], "Bennington Museum": ["Art Museums", "History Museums", "Museums"], "Museum of Natural and Cultural History": ["Specialty Museums", "Museums"], "ESSE Purse Museum": ["Specialty Museums", "Museums"], "Ackland Art Museum": ["Art Museums", "Museums"], "National Museum of American History": ["History Museums", "Museums"], "Pacific Tsunami Museum": ["Specialty Museums", "Museums"], "The Nethercutt Collection": ["Specialty Museums", "Museums"], "Jupiter Inlet Lighthouse & Museum": ["Lighthouses", "Specialty Museums", "Museums", "Sights & Landmarks"], "DeWitt Wallace Decorative Arts Museum": ["Art Museums", "Museums"], "Madame Tussauds New York": ["Specialty Museums", "Museums"], "Santa Barbara Museum of Art": ["Art Museums", "Museums"], "Hank Williams Museum": ["History Museums", "Specialty Museums", "Museums"], "High Desert Museum": ["Specialty Museums", "Natural History Museums", "Nature & Wildlife Areas", "Art Museums", "History Museums", "Nature & Parks", "Museums"], "Ouray County Museum": ["Historic Walking Areas", "History Museums", "Museums", "Sights & Landmarks"], "Erotic Heritage Museum, Las Vegas": ["Specialty Museums", "Museums"], "The Neon Museum": ["Specialty Museums", "Museums"], "Air Mobility Command Museum": ["Specialty Museums", "Museums"], "The National Atomic Testing Museum": ["Specialty Museums", "Museums"], "San Diego Automotive Museum": ["Specialty Museums", "Museums"], "National Museum of the American Indian": ["Specialty Museums", "Museums"], "Augusta Museum of History": ["History Museums", "Museums"], "National Portrait Gallery": ["Art Museums", "History Museums", "Museums"], "Civil War Medical Museum": ["Points of Interest & Landmarks", "History Museums", "Historic Sites", "Museums", "Sights & Landmarks"], "Wichita Art Museum": ["Art Museums", "Museums"], "Perot Museum of Nature and Science": ["Specialty Museums", "Museums"], "Jackson Hole Museum": ["History Museums", "Museums"], "The Clark Art Institute": ["Art Museums", "Museums"], "Buffalo Bill Museum": ["Specialty Museums", "Museums"], "Mothman Museum": ["Specialty Museums", "Museums"], "Maritime Museum of San Diego": ["Ships", "Specialty Museums", "Museums", "Sights & Landmarks"], "Crocker Art Museum": ["Art Museums", "Museums"], "Mennello Museum of American Art": ["Art Museums", "Museums"], "New Orleans Historic Voodoo Museum": ["Specialty Museums", "Museums"], "Biodiversity Institute & Natural History Museum": ["Natural History Museums", "Museums"], "Georgia O'Keeffe Museum": ["Art Museums", "Museums"], "Pin Point Heritage Museum": ["History Museums", "Museums"], "White Sands Missile Range": ["Military Bases & Facilities", "Sights & Landmarks"], "National Motorcycle Museum": ["Specialty Museums", "Museums"], "California Automobile Museum": ["Specialty Museums", "Museums"], "Mercer Museum": ["History Museums", "Museums"], "Denver Museum of Nature & Science": ["Natural History Museums", "Science Museums", "Observatories & Planetariums", "Theaters", "Concerts & Shows", "Museums"], "Lynchburg Museum": ["Specialty Museums", "Museums"], "San Francisco Museum of Modern Art (SFMOMA)": ["Art Museums", "Museums"], "Museum of Indian Arts & Culture": ["Specialty Museums", "Museums"], "Tampa Bay History Center": ["History Museums", "Museums"], "Frist Center for Visual Arts": ["Art Museums", "Museums"], "1940 Air Terminal Museum": ["Specialty Museums", "Museums"], "Art Car Museum": ["Art Museums", "Museums"], "National Museum of the Marine Corps": ["History Museums", "Specialty Museums", "Military Museums", "Museums"], "Tallahassee Antique Car Museum": ["Specialty Museums", "Museums"], "Dayton Art Institute": ["Art Museums", "Museums"], "First Division Museum at Cantigny": ["Military Museums", "Museums"], "Franklin Museum": ["Specialty Museums", "Museums"], "Muhammad Ali Center": ["Specialty Museums", "Museums"], "Automobile Driving Museum": ["Specialty Museums", "Museums"], "San Antonio Fire Museum": ["Specialty Museums", "Museums"], "Idaho Potato Museum": ["Specialty Museums", "Museums"], "San Antonio Museum of Art": ["Art Museums", "Museums"], "St. Augustine Lighthouse & Maritime Museum": ["Lighthouses", "History Museums", "Sights & Landmarks", "Museums"], "Henry B. Plant Museum": ["History Museums", "Museums"], "Philadelphia Museum of Art": ["Art Museums", "Museums"], "Asheville Art Museum": ["Art Museums", "Museums"], "Bradbury Science Museum": ["History Museums", "Science Museums", "Museums"], "Chudnow Museum of Yesteryear": ["Specialty Museums", "Museums"], "Tate Geological Museum": ["Specialty Museums", "Museums"], "National World War I Museum and Memorial": ["Specialty Museums", "Museums"], "Princeton University Art Museum": ["Art Museums", "Museums"], "Abby Aldrich Rockefeller Folk Art Museum": ["Art Museums", "Museums"], "Stafford Air & Space Museum": ["Science Museums", "Museums"], "Hunter Museum of American Art": ["Art Museums", "Specialty Museums", "Museums"], "Frankenmuth Historical Museum": ["History Museums", "Museums"], "Antique Automobile Club of America Museum": ["Specialty Museums", "Museums"], "Estes Park Museum": ["History Museums", "Museums"], "Ogunquit Museum of American Art": ["Art Museums", "Museums"], "International UFO Museum and Research Center": ["Specialty Museums", "Museums"], "Children's Museum of Manhattan": ["Children's Museums", "Museums"], "National Museum of the Pacific War": ["History Museums", "Military Museums", "Museums"], "Grand Rapids Public Museum": ["History Museums", "Observatories & Planetariums", "Museums"], "Lyman Museum": ["Specialty Museums", "Museums"], "History of Diving Museum": ["History Museums", "Museums"], "Baltimore and Ohio Railroad Museum": ["Specialty Museums", "Museums"], "Oregon Historical Society Museum": ["History Museums", "Museums"], "Children's Museum of Houston": ["Children's Museums", "Museums"], "Children's Museum of Pittsburgh": ["Children's Museums", "Museums"], "Jefferson Historical Museum": ["History Museums", "Museums"], "Simeone Foundation Automotive Museum": ["Specialty Museums", "Museums"], "Sacramento History Museum": ["History Museums", "Museums"], "Kentucky Horse Park": ["Specialty Museums", "Points of Interest & Landmarks", "State Parks", "Sights & Landmarks", "Nature & Parks", "Museums"], "Museum of Making Music": ["Specialty Museums", "Museums"], "Rock and Roll Hall of Fame and Museum": ["History Museums", "Specialty Museums", "Museums"], "Santa Barbara Maritime Museum": ["Military Museums", "Specialty Museums", "Museums"], "Seattle Center": ["Points of Interest & Landmarks", "Sights & Landmarks"], "Draper Natural History Museum": ["Natural History Museums", "Museums"], "Jack Sisemore Traveland RV Museum": ["Specialty Museums", "Museums"], "Ocean Star Offshore Drilling Rig & Museum": ["Specialty Museums", "Museums"], "Museum of the Rockies": ["Natural History Museums", "History Museums", "Museums"], "Cleveland Museum of Natural History": ["Natural History Museums", "Museums"], "Sarasota Classic Car Museum": ["Specialty Museums", "Museums"], "National Museum of the U.S. Air Force": ["Specialty Museums", "Museums"], "Kauai Museum": ["History Museums", "Natural History Museums", "Museums"], "American Museum of Science & Energy": ["Science Museums", "Museums"], "Buford Pusser Home and Museum": ["Specialty Museums", "Museums"], "Ann Arbor Hands-On Museum": ["Children's Museums", "Museums"], "New England Air Museum": ["Specialty Museums", "Museums"], "GulfQuest National Maritime Museum of the Gulf of Mexico": ["Specialty Museums", "Museums"], "Mohave Museum of History and Arts": ["Art Museums", "History Museums", "Museums"], "Ellis Island": ["History Museums", "Points of Interest & Landmarks", "Historic Sites", "Museums", "Sights & Landmarks"], "San Diego Model Railroad Museum": ["Specialty Museums", "Museums"], "Superstition Mountain Museum": ["Specialty Museums", "Museums"], "Please Touch Museum": ["Specialty Museums", "Museums"], "McClung Museum of Natural History and Culture": ["History Museums", "Museums"], "NSU Art Museum": ["Art Museums", "Museums"], "Morikami Museum & Japanese Gardens": ["Specialty Museums", "Museums"]}