{"Gettysburg Heritage Center": ["164", "63", "10", "5", "4"], "Hudson River Museum": ["34", "30", "9", "1", "2"], "The Aurora Ice Museum": ["242", "184", "81", "16", "14"], "Chrysler Museum of Art": ["489", "94", "13", "2", "1"], "Pink Palace Museum": ["183", "157", "72", "10", "5"], "Gettysburg Seminary Ridge Museum": ["289", "70", "23", "3", "0"], "Oklahoma Railway Museum": ["17", "13", "7", "4", "2"], "Ships of the Sea Maritime Museum": ["252", "175", "42", "6", "3"], "LBJ Presidential Library": ["1,181", "424", "70", "4", "2"], "Museum Mile": ["8", "7", "1", "0", "0"], "High Museum of Art": ["815", "416", "120", "26", "7"], "Virginia Living Museum": ["320", "135", "21", "7", "3"], "Computer History Museum": ["302", "102", "21", "2", "0"], "Georgia State Railroad Museum": ["205", "169", "48", "16", "5"], "University of Michigan Museum of Natural History": ["46", "47", "10", "4", "0"], "Mutter Museum": ["525", "397", "134", "29", "18"], "Independence Seaport Museum": ["81", "66", "16", "1", "4"], "Fort East Martello Museum": ["131", "100", "40", "8", "5"], "The Delta Blues Museum": ["183", "105", "41", "6", "3"], "Pensacola Naval Air Station": ["623", "88", "15", "2", "5"], "The Metropolitan Museum of Art": ["17,482", "2,870", "503", "94", "48"], "The Andy Griffith Museum": ["221", "167", "78", "15", "5"], "Science Museum of Minnesota": ["478", "163", "44", "16", "5"], "Living Computer Museum": ["60", "15", "4", "0", "0"], "Fairhope Museum": ["59", "22", "4", "1", "0"], "The California Route 66 Museum": ["75", "33", "4", "1", "3"], "Mount Dora Museum Of Speed": ["145", "25", "4", "3", "2"], "Frazier History Museum": ["288", "144", "54", "10", "1"], "Pueblo Grande Museum": ["53", "59", "26", "3", "1"], "Golisano Children's Museum of Naples": ["131", "64", "19", "12", "4"], "The Mob Museum": ["3,104", "1,382", "334", "58", "26"], "Skagway Museum and Archives": ["62", "51", "12", "1", "1"], "45th Infantry Division Museum": ["150", "49", "8", "0", "0"], "Museum of Russian Icons": ["104", "22", "0", "0", "1"], "Madison Children's Museum": ["123", "54", "20", "11", "2"], "Museum of Life + Science": ["482", "121", "10", "9", "1"], "Gettysburg Museum of History": ["1,006", "96", "23", "9", "5"], "Key West Shipwreck Treasure Museum": ["244", "263", "143", "29", "18"], "Landis Valley Museum": ["115", "79", "21", "2", "4"], "Lost City Museum": ["45", "28", "8", "2", "1"], "Jimmy Carter Library & Museum": ["400", "219", "46", "2", "9"], "Laura Ingalls Wilder Museum": ["41", "32", "11", "2", "0"], "Patton Museum of Cavalry and Armor": ["49", "50", "22", "23", "13"], "Museum of the Mountain Man": ["86", "39", "5", "0", "2"], "Wheels Through Time Transportation Museum": ["873", "84", "14", "2", "7"], "Oklahoma City National Memorial & Museum": ["2,577", "264", "44", "3", "2"], "The Menil Collection": ["382", "132", "27", "5", "5"], "Strawbery Banke Museum": ["434", "194", "47", "8", "3"], "Yale University Art Gallery": ["474", "55", "7", "2", "2"], "Museum of Chincoteague": ["232", "80", "15", "0", "1"], "Buffalo Museum of Science": ["58", "59", "21", "12", "8"], "Boston Tea Party Ships & Museum": ["2,281", "817", "207", "46", "24"], "The Health Museum": ["32", "36", "17", "15", "7"], "International Wildlife Museum": ["113", "55", "10", "5", "8"], "Heard Museum": ["1,183", "373", "80", "15", "6"], "Thomas A. Jaggar Museum": ["634", "298", "45", "2", "1"], "Modern Art Museum of Fort Worth": ["202", "73", "25", "7", "2"], "Airborne and Special Operations Museum": ["555", "86", "8", "2", "1"], "Crawford Auto-Aviation Museum": ["52", "37", "8", "0", "1"], "National Museum of American Illustration": ["222", "38", "8", "2", "3"], "Patee House Museum": ["210", "62", "8", "4", "2"], "Museum of Geology": ["142", "54", "13", "0", "0"], "Original McDonald's Site and Museum": ["33", "37", "22", "8", "1"], "National Cowgirl Museum and Hall of Fame": ["79", "50", "11", "5", "6"], "EMP Museum": ["1,854", "1,128", "507", "179", "55"], "Cameron Art Museum": ["50", "25", "13", "4", "2"], "Barber Vintage Motorsports Museum": ["574", "75", "10", "4", "2"], "Museum of the Great Plains": ["76", "53", "16", "0", "2"], "Museum of Clean": ["103", "17", "5", "2", "1"], "San Diego Museum of Man": ["64", "56", "55", "22", "13"], "Indian Temple Mound and Museum": ["53", "40", "14", "1", "1"], "Indiana State Museum": ["170", "135", "40", "7", "1"], "Institute of Texan Cultures": ["181", "86", "22", "4", "1"], "Birmingham Civil Rights Institute": ["535", "122", "19", "2", "3"], "Sandwich Glass Museum": ["262", "160", "42", "6", "1"], "Currier Museum of Art": ["257", "125", "9", "1", "3"], "Clark County Heritage Museum": ["307", "134", "23", "3", "1"], "Arizona Route 66 Museum": ["165", "135", "36", "3", "3"], "Natural History Museum of Utah": ["603", "139", "31", "8", "0"], "Golden Gate Park": ["3,731", "1,398", "314", "56", "31"], "Missouri Civil War Museum": ["381", "85", "12", "2", "1"], "Figge Art Museum": ["109", "50", "17", "1", "0"], "Mashantucket Pequot Museum & Research Center": ["215", "49", "13", "1", "4"], "Hawaii Volcanoes National Park": ["3,353", "752", "134", "25", "13"], "National Corvette Museum": ["969", "480", "126", "13", "4"], "Roswell Museum & Art Center": ["126", "64", "14", "2", "1"], "Tybee Island Lighthouse Museum": ["930", "523", "123", "16", "22"], "National Museum of Funeral History": ["194", "97", "16", "3", "1"], "Billings Farm and Museum": ["260", "86", "19", "10", "2"], "Strategic Air Command & Aerospace Museum": ["185", "81", "38", "8", "3"], "The Johnny Cash Museum": ["1,937", "811", "215", "32", "6"], "New Mexico Museum of Art": ["189", "130", "45", "9", "6"], "Tulsa Air and Space Museum": ["64", "75", "42", "14", "3"], "Juneau-Douglas City Museum": ["29", "30", "11", "3", "2"], "National Museum of the Mighty Eighth Air Force": ["501", "99", "12", "3", "2"], "Fenimore Art Museum": ["319", "98", "16", "0", "1"], "The El Paso Holocaust Museum": ["74", "20", "5", "1", "1"], "Sam Noble Oklahoma Museum of Natural History": ["222", "63", "11", "2", "1"], "Niagara Wax Museum of History": ["17", "14", "12", "5", "6"], "Birmingham Museum of Art": ["225", "97", "13", "1", "1"], "Tampa Museum of Art": ["70", "73", "36", "29", "13"], "Tupelo Automobile Museum": ["262", "57", "9", "0", "1"], "Historic Railpark and Train Museum": ["85", "42", "12", "3", "2"], "Booth Western Art Museum": ["300", "43", "5", "1", "0"], "Seattle Children's Museum": ["69", "41", "26", "23", "5"], "Marbles Kids Museum": ["522", "173", "24", "3", "7"], "Rosicrucian Egyptian Museum": ["265", "172", "41", "11", "4"], "Mystic Seaport": ["1,220", "564", "163", "42", "23"], "Miami Children's Museum": ["127", "97", "63", "36", "17"], "Los Angeles County Museum of Art": ["957", "398", "106", "10", "5"], "Adirondack Museum": ["240", "39", "3", "1", "0"], "United States Holocaust Memorial Museum": ["4,893", "918", "260", "76", "39"], "Ford's Theatre": ["1,793", "665", "163", "42", "12"], "Franklin D. Roosevelt Presidential Library and Museum": ["713", "159", "21", "3", "1"], "Ronald Reagan Presidential Library and Museum": ["1,601", "255", "47", "15", "6"], "The Morgan Library & Museum": ["600", "219", "28", "9", "1"], "The Broad": ["275", "85", "23", "7", "4"], "Children's Museum of Memphis": ["91", "58", "25", "3", "0"], "Museum of Jewish Heritage": ["123", "45", "14", "1", "1"], "Naples Depot Museum": ["64", "45", "10", "2", "0"], "Old Montana Prison Complex": ["82", "65", "12", "2", "1"], "Newseum": ["4,666", "1,006", "227", "75", "28"], "Louisiana State Museum Baton Rouge": ["117", "36", "4", "0", "1"], "Creative Discovery Museum": ["476", "140", "47", "15", "8"], "Wyoming State Museum": ["146", "86", "17", "1", "3"], "Upcountry History Museum": ["48", "37", "4", "1", "2"], "Geronimo Springs Museum": ["101", "53", "17", "0", "0"], "Circus World": ["236", "138", "36", "14", "6"], "Harwood Museum of Art": ["77", "39", "8", "9", "1"], "The Jewish Museum": ["138", "74", "13", "3", "1"], "The Children's Museum of Green Bay": ["39", "13", "13", "3", "0"], "National Museum of World War II Aviation": ["374", "49", "7", "4", "2"], "The Submarine Force Museum": ["418", "142", "17", "0", "1"], "Ava Gardner Museum": ["73", "32", "4", "1", "0"], "Pontiac-Oakland Automobile Museum": ["91", "33", "4", "0", "0"], "Admiral Nimitz State Historic Site": ["243", "65", "12", "0", "1"], "Southwest Florida Military Museum & Library": ["89", "29", "9", "0", "0"], "Wilmington Railroad Museum": ["95", "59", "25", "6", "3"], "New Britain Museum of American Art": ["196", "41", "3", "0", "1"], "Dennos Museum Center": ["68", "36", "8", "1", "1"], "Fernbank Museum of Natural History": ["239", "233", "118", "57", "15"], "Milwaukee Public Museum": ["445", "212", "42", "8", "3"], "Tacoma Art Museum": ["85", "53", "19", "4", "2"], "West Virginia State Museum": ["183", "46", "8", "0", "0"], "Hirshhorn Museum and Sculpture Garden": ["220", "143", "67", "23", "17"], "Museum of the Cherokee Indian": ["554", "223", "60", "13", "4"], "Ground Zero Museum Workshop": ["1,682", "215", "35", "19", "9"], "Selena Museum": ["95", "38", "14", "6", "8"], "Mariposa Museum and History Center": ["71", "26", "1", "1", "0"], "Anchorage Museum at Rasmuson Center": ["1,105", "442", "101", "24", "8"], "Ralph Foster Museum": ["179", "52", "7", "2", "0"], "Yale Peabody Museum of Natural History": ["220", "112", "19", "3", "1"], "Titanic Museum": ["2,561", "956", "285", "62", "25"], "Anniston Museum of Natural History": ["60", "29", "5", "1", "0"], "Geppi's Entertainment Museum": ["93", "52", "6", "2", "0"], "California Science Center": ["1,405", "484", "117", "25", "6"], "Clyfford Still Museum": ["175", "57", "21", "6", "1"], "University of Michigan Museum of Art": ["84", "54", "15", "0", "0"], "The Speed Art Museum": ["46", "33", "4", "2", "0"], "Currahee Military Museum": ["73", "21", "3", "0", "0"], "New Smyrna Museum of History": ["83", "17", "1", "0", "0"], "Virginia War Museum": ["62", "33", "7", "0", "0"], "RV/MH Hall of Fame and Museum": ["125", "70", "10", "2", "0"], "North Carolina Museum of Natural Sciences": ["1,053", "287", "40", "5", "2"], "Allentown Art Museum": ["46", "43", "8", "0", "0"], "The George W. Bush Presidential Library and Museum": ["1,514", "483", "145", "32", "22"], "Molly Brown House Museum": ["406", "312", "86", "15", "9"], "R.E. Olds Transportation Museum": ["49", "30", "11", "0", "0"], "Neue Galerie": ["445", "175", "55", "25", "20"], "Samuel P. Harn Museum of Art": ["115", "43", "9", "0", "0"], "South Dakota Air and Space Museum": ["285", "190", "34", "4", "2"], "The Henry Ford": ["2,233", "398", "52", "12", "11"], "Ca d'Zan Mansion": ["1,016", "272", "37", "6", "6"], "Portland Museum of Art": ["634", "286", "48", "6", "1"], "Door County Maritime Museum": ["136", "83", "19", "5", "4"], "Pilgrim Hall Museum": ["155", "75", "20", "2", "0"], "Woolaroc Museum & Wildlife Preserve": ["260", "59", "10", "0", "0"], "Museum of Science": ["1,298", "484", "206", "64", "39"], "Spanish Military Hospital Museum": ["221", "83", "18", "6", "6"], "The Putnam Museum & Science Center": ["79", "44", "19", "6", "3"], "Harley-Davidson Museum": ["1,097", "462", "74", "11", "7"], "Ellis Island Immigration Museum": ["646", "285", "112", "42", "10"], "Knoxville Museum of Art": ["98", "56", "30", "9", "3"], "Maturango Museum": ["37", "23", "6", "2", "0"], "Explore More Discovery Museum": ["54", "18", "1", "0", "0"], "International Museum of Surgical Science": ["27", "47", "19", "11", "0"], "Meteor Crater": ["760", "634", "286", "98", "77"], "New Hampshire Boat Museum": ["32", "18", "3", "2", "1"], "Florida Museum of Natural History": ["429", "105", "18", "0", "1"], "College of the Ozarks": ["1,373", "190", "31", "3", "4"], "Grohmann Museum": ["76", "24", "2", "2", "2"], "Bechtler Museum of Modern Art": ["54", "55", "34", "16", "4"], "Museum of Jurassic Technology": ["78", "27", "20", "6", "7"], "Door County Historical Museum": ["76", "28", "3", "0", "0"], "Chicago History Museum": ["331", "216", "55", "17", "5"], "San Diego Natural History Museum": ["88", "89", "62", "23", "12"], "The Phillips Collection": ["689", "178", "33", "11", "9"], "Telluride Historical Museum": ["79", "32", "3", "0", "0"], "Honolulu Museum of Art": ["448", "181", "32", "4", "0"], "Blackhawk Museum": ["148", "47", "8", "4", "1"], "McNay Art Museum": ["437", "127", "26", "5", "4"], "Bowers Museum of Cultural Art": ["160", "80", "7", "3", "1"], "Cincinnati Museum Center at Union Terminal": ["938", "341", "79", "17", "11"], "Armed Forces Museum": ["42", "4", "2", "0", "1"], "Western Spirit: Scottsdale's Museum of the West": ["149", "37", "12", "6", "3"], "Science Museum of Western Virginia & Hopkins Planetarium": ["22", "19", "12", "5", "1"], "National Underground Railroad Freedom Center": ["383", "140", "54", "22", "14"], "Whaling Museum": ["699", "178", "30", "14", "2"], "Kalamazoo Valley Museum": ["119", "55", "4", "1", "0"], "Phoenix Art Museum": ["374", "181", "51", "11", "8"], "Kimbell Art Museum": ["779", "164", "20", "5", "2"], "Colby College Museum of Art": ["96", "14", "2", "0", "0"], "New Mexico Farm and Ranch Heritage Museum": ["162", "54", "20", "2", "2"], "Mississippi Museum of Natural Science": ["122", "64", "8", "0", "3"], "Wisconsin Auto Museum": ["25", "16", "0", "1", "0"], "The Saratoga Automobile Museum": ["82", "75", "23", "2", "1"], "San Jose Museum of Art": ["40", "42", "17", "10", "2"], "The Museum of Russian Art": ["177", "47", "7", "3", "3"], "The Museum of Contemporary Art": ["48", "56", "27", "7", "3"], "Pacific Aviation Museum Pearl Harbor": ["479", "266", "108", "31", "5"], "Smithsonian National Air and Space Museum": ["7,590", "2,447", "771", "118", "30"], "National Civil War Museum": ["455", "167", "26", "6", "3"], "Museum of International Folk Art": ["1,014", "234", "77", "17", "2"], "Chennault Aviation and Military Museum": ["60", "19", "2", "0", "0"], "Chesapeake Bay Maritime Museum": ["453", "147", "34", "3", "1"], "U.S.S. Cairo Museum": ["666", "160", "12", "1", "0"], "California Academy of Sciences": ["1,998", "727", "274", "72", "61"], "New-York Historical Society Museum & Library": ["243", "125", "44", "17", "16"], "The Bryan Museum": ["66", "11", "8", "1", "3"], "Cheyenne Frontier Days Old West Museum": ["112", "52", "22", "6", "2"], "Mint Museum Randolph": ["56", "37", "4", "1", "3"], "The White House and Museum of the Confederacy": ["484", "274", "76", "20", "7"], "Michigan Historical Museum": ["77", "41", "6", "2", "0"], "Virginia Museum of Fine Arts": ["1,481", "245", "22", "1", "5"], "Terry Lee Wells Nevada Discovery Museum": ["109", "30", "7", "2", "0"], "Andrew Jackson's Hermitage": ["1,984", "892", "180", "28", "7"], "Museum of Florida History": ["119", "49", "6", "1", "1"], "National Mall": ["2,323", "725", "288", "89", "22"], "George Jones Entertainment Complex": ["253", "81", "31", "10", "3"], "Museum of the Big Bend": ["140", "67", "9", "3", "0"], "Detroit Historical Museum": ["142", "62", "8", "1", "1"], "American Sign Museum": ["265", "92", "23", "4", "0"], "Phoenix Police Museum": ["39", "12", "1", "0", "2"], "Santa Cruz Surfing Museum": ["59", "60", "14", "0", "0"], "Isabella Stewart Gardner Museum": ["1,111", "368", "138", "60", "22"], "National Liberty Museum": ["57", "16", "8", "2", "4"], "Arizona State Museum": ["44", "42", "7", "2", "2"], "National Museum of African Art": ["64", "50", "11", "3", "4"], "Air Force Armament Museum": ["610", "189", "18", "0", "0"], "Savannah Children's Museum": ["34", "16", "12", "4", "5"], "Houston Museum District": ["358", "122", "12", "3", "2"], "St. Augustine Pirate & Treasure Museum": ["1,359", "557", "150", "20", "15"], "The Buckhorn Saloon and Texas Ranger Museum": ["269", "229", "106", "53", "12"], "Concord Museum": ["86", "49", "17", "0", "1"], "Kern County Museum": ["110", "47", "10", "0", "1"], "The Cummer Museum of Art and Gardens": ["514", "190", "30", "2", "1"], "Wisconsin Historical Museum": ["21", "22", "14", "0", "1"], "The Money Museum at the Federal Reserve Bank - Denver Branch": ["56", "71", "44", "5", "4"], "Farnsworth Art Museum": ["407", "121", "22", "6", "1"], "US Army Museum of Hawaii": ["769", "400", "68", "9", "1"], "Armed Forces History Museum": ["155", "43", "4", "5", "1"], "Intrepid Sea, Air & Space Museum": ["2,069", "1,127", "283", "49", "29"], "Museum of Discovery and Science": ["339", "195", "78", "24", "16"], "The Presbytere": ["265", "155", "31", "6", "3"], "Museum of Sex": ["55", "98", "141", "114", "103"], "Metal Museum": ["99", "64", "33", "4", "3"], "Navy Seal Museum": ["479", "154", "21", "2", "1"], "Santa Barbara Museum of Natural History": ["119", "55", "18", "2", "1"], "Nauticus National Maritime Center": ["364", "160", "36", "17", "6"], "Greensboro Children's Museum": ["126", "35", "11", "1", "1"], "Solomon R. Guggenheim Museum": ["652", "495", "397", "277", "209"], "Pilgrim Monument & Provincetown Museum": ["548", "255", "49", "9", "3"], "The Barnes Foundation": ["2,489", "411", "124", "52", "48"], "Apalachicola Maritime Museum": ["71", "38", "17", "13", "3"], "Puget Sound Navy Museum": ["82", "47", "8", "0", "0"], "Union Pacific Railroad Museum": ["107", "64", "13", "2", "2"], "Country Music Hall of Fame and Museum": ["4,457", "1,962", "602", "81", "18"], "Museum of Contemporary Art": ["195", "135", "80", "45", "33"], "Museum of History & Industry": ["331", "152", "37", "3", "2"], "Bicycle Heaven": ["294", "39", "1", "1", "1"], "Pacific Science Center": ["384", "334", "178", "106", "29"], "Mill City Museum": ["572", "285", "52", "6", "2"], "Military Aviation Museum": ["600", "116", "14", "1", "9"], "Nassau County Museum of Art": ["51", "27", "4", "2", "0"], "The Mini Time Machine Museum of Miniatures": ["294", "95", "19", "10", "0"], "Texas Military Forces Museum": ["67", "44", "5", "1", "0"], "Nevada Northern Railway Museum": ["140", "52", "16", "4", "5"], "Louisville Slugger Museum & Factory": ["2,484", "1,040", "192", "18", "6"], "Fort Bliss and Old Ironsides Museums": ["39", "41", "15", "0", "0"], "Johnson Museum of Art": ["85", "35", "7", "1", "1"], "Frick Collection": ["4,208", "760", "121", "33", "21"], "Mobile Carnival Museum": ["203", "76", "14", "0", "0"], "Donner Memorial State Park and Emigrant Trail Museum": ["146", "109", "36", "7", "1"], "Arizona Copper Art Museum": ["213", "18", "2", "0", "0"], "The Sixth Floor Museum/Texas School Book Depository": ["3,417", "1,344", "324", "65", "25"], "Lone Star Flight Museum": ["186", "107", "32", "4", "1"], "National Cowboy & Western Heritage Museum": ["946", "227", "46", "7", "6"], "Kemper Museum of Contemporary Art": ["114", "70", "23", "2", "1"], "Detroit Institute of Arts": ["1,499", "181", "24", "3", "0"], "The Exploratorium": ["1,308", "400", "107", "21", "5"], "Fred Jones Jr. Museum of Art": ["72", "24", "3", "1", "0"], "Hammer Museum": ["46", "28", "8", "5", "2"], "Money Museum at the Federal Reserve Bank": ["113", "55", "11", "2", "2"], "Bruce Museum": ["62", "45", "10", "2", "0"], "Union Station": ["99", "67", "8", "0", "0"], "Kenosha Public Museum": ["55", "58", "8", "2", "0"], "Corning Museum of Glass": ["1,784", "383", "64", "12", "4"], "Museum of Military History": ["86", "21", "8", "0", "1"], "National Baseball Hall of Fame and Museum": ["1,804", "409", "92", "10", "5"], "Andy Warhol Museum": ["354", "229", "90", "27", "17"], "Gibbes Museum of Art": ["44", "40", "10", "1", "5"], "The Children's Museum of the Upstate": ["172", "68", "16", "4", "1"], "The Ringling": ["3,295", "726", "123", "23", "63"], "Jekyll Island Museum": ["102", "90", "31", "7", "2"], "The Getty Villa": ["1,126", "250", "51", "9", "7"], "South Florida Science Center and Aquarium": ["61", "62", "46", "18", "14"], "Lizzadro Museum of Lapidary Art": ["51", "25", "1", "0", "0"], "Delta Flight Museum": ["75", "50", "20", "5", "2"], "Illinois Holocaust Museum & Education Center": ["115", "18", "1", "1", "3"], "Peterson Air & Space Museum": ["65", "15", "6", "2", "4"], "Indianapolis Motor Speedway Museum": ["1,150", "411", "100", "25", "13"], "Fort Worth Museum of Science & History": ["139", "84", "59", "26", "27"], "Virginia Aviation Museum": ["35", "25", "4", "0", "0"], "National Civil Rights Museum - Lorraine Motel": ["3,510", "721", "160", "28", "15"], "Children's Museum Tucson": ["84", "49", "26", "4", "2"], "Tillamook Air Museum": ["184", "122", "70", "21", "23"], "EAA AirVenture Museum": ["364", "62", "7", "0", "0"], "Museum of World Treasures": ["185", "112", "25", "4", "1"], "American Computer Museum": ["122", "19", "2", "0", "0"], "Museum of Ojibwa Culture": ["131", "74", "9", "1", "2"], "Biedenharn Coca-Cola Museum": ["35", "54", "85", "36", "9"], "Baker Heritage Museum": ["64", "24", "2", "1", "0"], "Columbia River Maritime Museum": ["830", "225", "26", "3", "2"], "New Bedford Whaling Museum": ["353", "64", "6", "1", "2"], "The DoSeum - San Antonio's Museum for Kids": ["192", "88", "47", "17", "7"], "Texas Civil War Museum": ["140", "66", "12", "2", "0"], "American Museum of Natural History": ["3,767", "1,810", "897", "342", "142"], "Harry S. Truman Library and Museum": ["743", "135", "14", "0", "0"], "The Museum @ Black Hills Institute": ["107", "38", "5", "2", "0"], "Bainbridge Island Museum of Art": ["105", "31", "8", "1", "0"], "Museum of Natural History": ["99", "46", "11", "0", "0"], "Cincinnati Art Museum": ["432", "164", "17", "3", "0"], "Joslyn Art Museum": ["353", "153", "15", "2", "3"], "Wrangell Museum": ["55", "28", "1", "0", "0"], "The Wolfsonian - Florida International University": ["180", "124", "32", "11", "1"], "Contemporary Jewish Museum": ["36", "47", "17", "10", "9"], "Atlanta History Center": ["560", "238", "45", "9", "5"], "Mel Fisher Maritime Heritage Museum": ["488", "352", "129", "43", "13"], "NRA National Firearms Museum": ["170", "75", "13", "0", "0"], "Michigan Military and Space Heroes Museum": ["96", "25", "7", "0", "0"], "Albuquerque Museum": ["175", "137", "18", "2", "4"], "Ogden Museum of Southern Art": ["230", "132", "37", "6", "3"], "North Museum of Nature and Science": ["32", "14", "8", "2", "2"], "The Petroleum Museum": ["77", "39", "10", "5", "1"], "Abbe Museum": ["100", "73", "33", "9", "6"], "Wing Luke Museum of the Asian Pacific American Experience": ["127", "58", "11", "0", "2"], "St. Petersburg Museum of History": ["29", "39", "30", "12", "2"], "Graveyard of the Atlantic Museum": ["101", "138", "68", "13", "3"], "Texas Ranger Hall of Fame and Museum": ["289", "133", "26", "4", "1"], "Tennessee State Museum": ["294", "181", "34", "5", "1"], "Bullock Texas State History Museum": ["1,070", "446", "113", "31", "3"], "Villa Zorayda Museum": ["138", "78", "30", "9", "4"], "American Jazz Museum": ["61", "58", "37", "11", "3"], "Valiant Air Command Warbird Museum": ["153", "42", "4", "1", "0"], "Creation Museum": ["706", "159", "65", "20", "45"], "University of Alaska Museum of the North": ["883", "369", "82", "11", "4"], "Madame Tussauds DC": ["177", "199", "111", "43", "19"], "Altoona Railroaders Memorial Museum": ["121", "51", "20", "2", "1"], "Museum of Fine Arts": ["332", "179", "47", "9", "2"], "Thinkery": ["122", "64", "31", "12", "4"], "The Bakken Museum": ["43", "23", "5", "1", "0"], "Intel Corp and Museum": ["65", "36", "18", "3", "0"], "North Carolina Museum of History": ["342", "141", "26", "3", "2"], "Japanese American National Museum": ["98", "60", "9", "3", "0"], "The Getty Center": ["6,144", "1,135", "202", "34", "16"], "State Museum of Pennsylvania": ["73", "70", "18", "4", "0"], "Worcester Art Museum": ["276", "101", "6", "2", "5"], "Tallahassee Museum": ["316", "108", "24", "3", "3"], "Danbury Railway Museum": ["56", "35", "16", "2", "0"], "Utah State Railroad Museum": ["37", "19", "3", "0", "0"], "Tread of Pioneers Museum": ["55", "27", "5", "1", "0"], "National Mississippi River Museum & Aquarium": ["672", "265", "81", "12", "5"], "Sedona Heritage Museum": ["57", "37", "7", "2", "0"], "Backstreet Cultural Museum": ["177", "48", "7", "7", "3"], "John Wayne Birthplace & Museum": ["104", "62", "36", "7", "3"], "State Historical Museum": ["66", "29", "14", "1", "4"], "Virginia Museum of Transportation": ["218", "136", "34", "7", "4"], "McLarty Treasure Museum": ["89", "82", "18", "2", "2"], "Berkshire Museum": ["76", "66", "23", "5", "1"], "Briscoe Western Art Museum": ["225", "100", "18", "2", "2"], "Connecticut River Museum": ["62", "45", "6", "2", "2"], "Adams Museum": ["209", "145", "30", "6", "1"], "The Franklin Institute": ["1,045", "479", "187", "87", "50"], "Nasher Museum of Art at Duke University": ["67", "66", "23", "8", "2"], "National Gallery of Art": ["4,380", "762", "136", "35", "13"], "Greenville County Museum of Art": ["68", "49", "12", "2", "6"], "Lyon Air Museum": ["58", "23", "4", "1", "0"], "Dr Pepper Museum": ["167", "249", "142", "45", "19"], "Mayborn Museum Complex": ["145", "41", "12", "3", "0"], "Pierce-Arrow Museum": ["72", "36", "15", "2", "2"], "Penrose Heritage Museum": ["72", "13", "1", "0", "0"], "University of Nebraska State Museum": ["58", "40", "10", "0", "1"], "Gerald R. Ford Museum": ["389", "188", "30", "7", "4"], "Hubbard Museum of the American West": ["36", "24", "9", "3", "1"], "Sternberg Museum of Natural History": ["101", "35", "8", "2", "0"], "Pensacola Lighthouse and Museum": ["587", "323", "64", "10", "7"], "Forney Museum of Transportation": ["162", "77", "22", "4", "3"], "Museum of American Speed": ["145", "13", "6", "2", "1"], "Maryhill Museum of Art": ["167", "63", "10", "1", "2"], "National Railroad Museum": ["149", "77", "33", "2", "3"], "Madame Tussauds - Las Vegas": ["1,084", "997", "386", "87", "36"], "Wheelwright Museum of the American Indian": ["140", "69", "20", "14", "5"], "Fort Lauderdale Antique Car Museum": ["172", "57", "12", "0", "4"], "Elvis Presley Birthplace & Museum": ["408", "288", "114", "17", "5"], "Liberty Aviation Museum": ["89", "37", "9", "1", "1"], "Cape Fear Museum": ["75", "56", "10", "3", "0"], "Richard H. Driehaus Museum": ["664", "173", "20", "3", "0"], "Alaska State Museum": ["161", "71", "17", "3", "2"], "Autry Museum of the American West": ["228", "111", "15", "6", "3"], "Smithsonian National Museum of Natural History": ["4,158", "1,577", "524", "104", "27"], "International Spy Museum": ["1,320", "1,145", "560", "234", "112"], "Palm Springs Art Museum": ["676", "241", "39", "15", "8"], "Oriental Institute Museum": ["280", "75", "12", "1", "0"], "Museum of Death": ["55", "63", "23", "4", "1"], "National Czech & Slovak Museum & Library": ["148", "47", "6", "3", "0"], "Elliott Museum": ["152", "106", "39", "11", "10"], "USS Midway Museum": ["10,085", "2,547", "230", "18", "12"], "Heritage Museums & Gardens": ["440", "125", "20", "9", "4"], "Museum of Fine Arts, Houston": ["1,068", "361", "60", "12", "7"], "Cradle of Aviation Museum": ["170", "75", "9", "6", "0"], "The Houston Museum of Natural Science": ["1,940", "631", "132", "27", "14"], "National Watch and Clock Museum": ["115", "51", "8", "1", "2"], "Columbia Museum of Art": ["87", "66", "13", "2", "2"], "International Civil Rights Center & Museum": ["432", "107", "24", "14", "11"], "Museum of the Moving Image": ["210", "103", "30", "3", "2"], "American Airpower Museum": ["54", "23", "1", "1", "0"], "Smithsonian American Art Museum": ["575", "187", "48", "8", "3"], "Ripley's Believe It or Not! Odditorium": ["341", "403", "350", "128", "80"], "Whitney Museum of American Art": ["882", "383", "158", "53", "28"], "Dwight D. Eisenhower Library and Museum": ["316", "111", "36", "3", "2"], "National Border Patrol Museum": ["57", "49", "14", "3", "0"], "The Mariners' Museum & Park": ["427", "105", "8", "0", "1"], "Philbrook Museum of Art": ["631", "139", "13", "3", "0"], "National Museum of the Great Lakes": ["123", "20", "6", "0", "0"], "Oklahoma Route 66 Museum": ["137", "64", "5", "3", "3"], "Smithsonian National Air and Space Museum Steven F. Udvar-Hazy Center": ["2,281", "407", "53", "4", "5"], "Long Beach Museum of Art": ["30", "36", "13", "2", "1"], "Orlando Museum of Art": ["32", "34", "23", "4", "6"], "The Field Museum": ["2,931", "1,278", "427", "102", "30"], "Sky City Cultural Center & Haak'u Museum": ["551", "94", "22", "10", "11"], "Center for Civil and Human Rights": ["722", "132", "21", "6", "5"], "Children's Discovery Museum": ["74", "21", "7", "1", "0"], "Arizona-Sonora Desert Museum": ["4,454", "761", "143", "29", "12"], "Children's Museum of Denver": ["177", "102", "39", "14", "13"], "Weisman Art Museum": ["76", "57", "16", "2", "0"], "Stax Museum of American Soul Music": ["786", "311", "77", "15", "2"], "North Carolina Museum of Art": ["807", "265", "36", "7", "2"], "Hollywood Star Cars Museum": ["389", "337", "121", "31", "12"], "The National 9/11 Memorial & Museum": ["26,206", "4,354", "984", "240", "140"], "Cape Ann Museum": ["87", "18", "4", "1", "0"], "Norton Simon Museum": ["648", "113", "9", "6", "4"], "National Geographic Museum": ["180", "163", "83", "49", "18"], "Indian Pueblo Cultural Center": ["622", "325", "92", "15", "6"], "The Hershey Story": ["598", "346", "128", "27", "12"], "Kansas Museum of History": ["100", "50", "7", "3", "0"], "T.T. Wentworth Jr. Florida State Museum": ["34", "38", "12", "1", "1"], "Wisconsin Maritime Museum": ["227", "70", "3", "0", "0"], "Colorado Railroad Museum": ["180", "136", "44", "20", "10"], "Minnesota Marine Art Museum": ["254", "27", "2", "0", "1"], "West Point Museum": ["168", "86", "7", "5", "1"], "John Wesley Powell River History Museum": ["54", "41", "5", "2", "0"], "Arabia Steamboat Museum": ["1,025", "250", "39", "8", "5"], "Old Sacramento": ["713", "659", "302", "65", "21"], "North Carolina Maritime Museum": ["367", "148", "22", "2", "0"], "Appleton Museum of Art": ["143", "67", "4", "1", "0"], "Civil War Museum": ["99", "40", "3", "4", "0"], "Children's Museum of Virginia": ["152", "36", "12", "3", "1"], "Fairbanks Museum and Planetarium": ["57", "32", "11", "2", "0"], "New York City Fire Museum": ["66", "32", "14", "3", "2"], "John Wesley Powell Museum": ["31", "52", "14", "0", "0"], "Elverhoj Museum": ["40", "28", "5", "0", "0"], "Baltimore Museum of Industry": ["100", "65", "14", "2", "0"], "Sharpsteen Museum": ["52", "22", "4", "0", "0"], "DAR Museum": ["82", "34", "8", "3", "0"], "The Museum of Modern Art (MoMA)": ["3,453", "1,290", "450", "155", "97"], "The Museum of Flight": ["3,006", "835", "97", "13", "6"], "Florida Holocaust Museum": ["223", "79", "25", "4", "4"], "Museum of Aviation": ["335", "87", "11", "0", "0"], "Hollywood Wax Museum": ["36", "50", "61", "27", "16"], "Lane Motor Museum": ["389", "135", "17", "2", "0"], "MIT Museum": ["164", "112", "44", "20", "2"], "Tank Museum": ["79", "23", "6", "7", "4"], "Road To Tara Museum": ["54", "48", "13", "0", "5"], "The Met Cloisters": ["2,133", "637", "113", "21", "5"], "Galveston Island Railroad Museum and Terminal": ["151", "141", "52", "8", "4"], "East Texas Oil Museum": ["98", "31", "4", "3", "0"], "U.S. Army Transportation Museum": ["91", "44", "5", "2", "2"], "Cosmosphere": ["326", "82", "14", "1", "2"], "Memorial Hall Confederate Civil War Museum": ["153", "97", "43", "9", "3"], "Leepa-Rattner Museum of Art": ["41", "11", "9", "0", "0"], "Hampton Roads Naval Museum": ["39", "21", "2", "0", "0"], "Gettysburg Museum & Visitor Center": ["2,931", "517", "109", "26", "22"], "Wisconsin Veterans Museum": ["109", "48", "7", "0", "0"], "Tucson Museum of Art and Historic Block": ["65", "59", "16", "4", "6"], "Carnegie Museum of Art": ["215", "99", "27", "3", "1"], "San Francisco Railway Museum": ["23", "23", "9", "3", "2"], "Norman Rockwell Museum": ["1,031", "294", "43", "13", "1"], "Museum of Biblical Art": ["78", "29", "9", "4", "1"], "The Manassas Museum": ["40", "39", "11", "2", "1"], "New York Transit Museum": ["318", "177", "35", "2", "5"], "Crystal Bridges Museum of American Art": ["2,473", "278", "49", "15", "11"], "Evergreen Aviation & Space Museum": ["776", "194", "24", "14", "11"], "Wells Fargo History Museum": ["62", "23", "3", "1", "0"], "McKenna Children's Museum": ["87", "29", "7", "1", "1"], "Revs Institute for Automotive Research, Inc.": ["208", "13", "2", "2", "0"], "Petersen Automotive Museum": ["573", "217", "54", "8", "12"], "Museum of Idaho": ["96", "54", "15", "5", "1"], "Museum Hack DC": ["218", "6", "1", "0", "0"], "Commemorative Air Force Museum": ["193", "65", "7", "0", "0"], "Nevada Museum of Art": ["131", "46", "13", "7", "5"], "Titanic Museum Attraction": ["4,284", "1,344", "421", "90", "56"], "Chazen Museum of Art": ["131", "41", "12", "2", "0"], "Perez Art Museum Miami": ["332", "201", "79", "35", "9"], "Lowe Art Museum": ["24", "28", "4", "1", "1"], "Racine Art Museum": ["29", "24", "4", "1", "1"], "Buffalo Bill Center of the West": ["2,278", "266", "45", "4", "9"], "Walton's Mountain Museum": ["76", "53", "17", "8", "7"], "SCAD Museum of Art": ["89", "30", "11", "8", "6"], "Historic Jamestowne": ["2,544", "670", "131", "20", "6"], "B.B. King Museum and Delta Interpretive Center": ["144", "15", "3", "0", "0"], "Lake Placid Olympic Museum": ["154", "161", "106", "19", "5"], "Science Museum of Virginia": ["134", "78", "37", "11", "6"], "Ah-Tah-Thi-Ki Museum": ["56", "24", "6", "3", "1"], "Children's Museum of Indianapolis": ["2,068", "433", "124", "23", "5"], "Vizcaya Museum and Gardens": ["1,982", "822", "158", "29", "9"], "LSU Rural Life Museum": ["164", "54", "8", "2", "1"], "Calvert Marine Museum and Drum Point Lighthouse": ["183", "64", "8", "1", "1"], "Veterans Memorial Museum": ["227", "72", "18", "1", "3"], "Asian Art Museum": ["618", "254", "43", "7", "5"], "LeMay - America's Car Museum": ["485", "167", "19", "4", "2"], "Hill Aerospace Museum": ["304", "94", "18", "1", "0"], "Discovery Park of America": ["209", "47", "3", "2", "1"], "Portland Children's Museum": ["154", "62", "32", "5", "3"], "Mobile Museum of Art": ["43", "28", "6", "3", "2"], "Witte Museum": ["130", "81", "46", "15", "5"], "USS Constitution Museum": ["1,330", "716", "206", "39", "22"], "Nevada State Museum": ["160", "73", "15", "2", "1"], "Rodin Museum": ["477", "230", "50", "9", "3"], "Park City Museum": ["230", "88", "13", "2", "0"], "Chicago Children's Museum": ["210", "103", "43", "10", "0"], "Oregon Museum of Science and Industry": ["637", "338", "121", "31", "11"], "The Aviation Museum of Kentucky": ["45", "31", "3", "2", "0"], "Henry Morrison Flagler Museum": ["679", "144", "17", "10", "3"], "National Museum of Mathematics": ["57", "50", "29", "23", "15"], "Mississippi River Museum at Mud Island": ["82", "50", "21", "9", "5"], "The Whale Museum": ["255", "168", "64", "2", "1"], "Mingei International Museum": ["48", "22", "7", "1", "2"], "Motorcyclepedia Museum": ["81", "13", "0", "0", "0"], "Museum of Science and Industry": ["341", "274", "177", "90", "80"], "Children\u2019s Museum of Phoenix": ["343", "94", "29", "3", "3"], "National Museum of Mexican Art": ["72", "33", "11", "3", "0"], "Boston Children's Museum": ["342", "172", "47", "16", "13"], "Science Museum Oklahoma": ["367", "143", "34", "14", "6"], "David J. Sencer CDC Museum": ["26", "17", "5", "3", "1"], "Palm Springs Art Museum in Palm Desert": ["81", "31", "10", "2", "2"], "Edgar Allan Poe Museum": ["95", "99", "49", "11", "5"], "Museum of Osteology": ["712", "135", "23", "3", "2"], "New Orleans City Park": ["1,946", "785", "109", "19", "6"], "Museum Hack": ["1,125", "32", "5", "1", "3"], "National Mining Hall of Fame & Museum": ["115", "77", "11", "0", "0"], "The Blanton Museum of Art": ["137", "97", "43", "6", "0"], "National Mustard Museum": ["158", "127", "38", "6", "0"], "Arizona Science Center": ["309", "175", "72", "17", "16"], "Collier County Museum": ["50", "36", "7", "1", "0"], "Frontiers of Flight Museum": ["124", "85", "18", "3", "3"], "de Young Museum": ["747", "337", "86", "22", "28"], "James A. Michener Art Museum": ["150", "58", "6", "4", "0"], "Amelia Island Museum of History": ["190", "113", "34", "4", "1"], "Marco Island Historical Museum": ["119", "75", "14", "0", "2"], "Portland Art Museum": ["363", "252", "75", "11", "1"], "Toledo Museum of Art": ["622", "98", "13", "2", "1"], "Mississippi Museum of Art": ["59", "30", "8", "2", "0"], "Maine Maritime Museum": ["309", "78", "16", "2", "1"], "Oz Museum": ["117", "100", "23", "6", "1"], "Fort Sumter National Monument": ["1,259", "816", "233", "37", "11"], "Natural History Museum of Los Angeles County": ["432", "193", "48", "0", "0"], "The Rockwell Museum": ["161", "111", "33", "6", "1"], "Jell-O Gallery Museum": ["61", "56", "11", "1", "0"], "Musical Instrument Museum": ["3,127", "323", "38", "11", "5"], "Ohr-O'Keefe Museum of Art": ["87", "56", "40", "14", "5"], "Wings Over the Rockies Air & Space Museum": ["180", "171", "43", "9", "4"], "National Building Museum": ["162", "165", "75", "29", "12"], "Denver Art Museum": ["1,327", "487", "115", "18", "21"], "Meadows Museum": ["77", "29", "6", "0", "0"], "Fort Pitt Museum": ["55", "51", "16", "3", "2"], "Jewish Museum of Florida - FIU": ["200", "84", "12", "2", "2"], "C.M. Russell Museum": ["233", "39", "5", "2", "0"], "Glazer Children's Museum": ["131", "84", "27", "15", "10"], "Cleveland Museum of Art": ["1,766", "226", "30", "5", "4"], "Telfair Museums Telfair Academy": ["158", "125", "69", "21", "3"], "Columbus Museum": ["62", "34", "9", "0", "0"], "Muscle Car City Museum": ["232", "116", "30", "2", "2"], "Las Vegas Natural History Museum": ["50", "43", "25", "11", "1"], "National Postal Museum": ["365", "174", "29", "3", "3"], "Rocky Statue": ["420", "316", "226", "40", "25"], "Springfield Museums": ["170", "80", "32", "1", "3"], "Madame Tussauds Hollywood": ["520", "505", "175", "25", "5"], "Wadsworth Atheneum Museum of Art": ["233", "90", "9", "1", "0"], "Madame Tussauds Orlando": ["398", "247", "115", "12", "6"], "New Orleans Pharmacy Museum": ["263", "131", "36", "8", "2"], "Burpee Museum of Natural History": ["59", "33", "6", "3", "0"], "Los Alamos Historical Museum": ["85", "66", "13", "0", "1"], "Anderson-Abruzzo International Balloon Museum": ["237", "116", "40", "7", "0"], "The National Quilt Museum": ["434", "60", "18", "4", "1"], "Reading Public Museum": ["84", "56", "13", "2", "2"], "Billy the Kid Museum": ["49", "53", "16", "1", "3"], "Cedar Key Historical Society Museum": ["151", "57", "16", "2", "0"], "Rubin Museum of Art": ["143", "50", "3", "0", "0"], "National Museum of Civil War Medicine": ["157", "104", "11", "1", "2"], "Washington State History Museum": ["91", "43", "17", "3", "0"], "The History Museum": ["53", "22", "2", "0", "0"], "Norton Museum of Art": ["271", "162", "25", "3", "4"], "Pony Express Museum": ["118", "80", "18", "5", "0"], "The Money Museum": ["108", "118", "43", "3", "0"], "National Museum of the United States Navy": ["44", "18", "5", "3", "5"], "National Museum of American Jewish History": ["538", "139", "46", "10", "4"], "The Hollywood Museum": ["195", "143", "70", "12", "6"], "National Naval Aviation Museum": ["3,641", "268", "22", "4", "2"], "Kokee Natural History Museum": ["3", "24", "5", "1", "1"], "Forest Park": ["1,354", "263", "36", "6", "5"], "Newark Museum": ["126", "54", "6", "0", "1"], "The Walmart Museum": ["498", "392", "136", "11", "5"], "Museum of Native American History": ["627", "78", "8", "2", "0"], "Sharlot Hall Museum": ["287", "108", "11", "1", "2"], "Barksdale Global Power Museum": ["54", "47", "11", "2", "6"], "Southern Museum of Civil War and Locomotive History": ["163", "69", "10", "2", "1"], "Richard Nixon Presidential Library and Museum": ["276", "152", "32", "10", "2"], "La Brea Tar Pits and Museum": ["915", "640", "163", "15", "12"], "Jamestown Settlement": ["1,616", "733", "160", "26", "19"], "Zippo / Case Museum": ["148", "52", "7", "1", "0"], "Museum of the Shenandoah Valley": ["210", "90", "15", "4", "1"], "South Carolina State Museum": ["245", "113", "42", "12", "3"], "The Grammy Museum": ["249", "163", "45", "10", "4"], "The Dali Museum": ["3,354", "842", "237", "52", "29"], "Museum of Arts and Design": ["125", "71", "19", "12", "5"], "Belz Museum of Asian & Judaic Art": ["152", "24", "3", "0", "1"], "Oakland Museum of California": ["297", "110", "8", "0", "2"], "The Journey Museum & Learning Center": ["145", "74", "18", "4", "3"], "Walt Disney Family Museum": ["1,187", "381", "61", "14", "7"], "Omaha Children's Museum": ["199", "99", "32", "6", "1"], "Brandywine River Museum of Art": ["373", "103", "22", "4", "3"], "Minneapolis Institute of Art": ["1,193", "206", "25", "7", "2"], "Senator John Heinz History Center": ["568", "190", "43", "4", "2"], "Martin Auto Museum": ["43", "12", "0", "0", "0"], "Gangster Museum of America": ["119", "111", "77", "28", "28"], "Museum of The Weird": ["35", "50", "16", "11", "11"], "Bisbee Mining & Historical Museum": ["176", "88", "11", "3", "0"], "Texas Prison Museum": ["74", "66", "3", "2", "0"], "Peabody Museum of Archaeology and Ethnology": ["42", "29", "9", "2", "0"], "Campus Martius Museum": ["47", "24", "2", "0", "0"], "Levine Museum of the New South": ["206", "129", "18", "4", "2"], "Chihuly Garden and Glass": ["11,105", "1,959", "351", "80", "33"], "Musicians Hall of Fame and Museum": ["175", "54", "26", "9", "3"], "Ghost Town Museum": ["38", "58", "66", "16", "17"], "Museum of Transportation": ["121", "87", "26", "7", "7"], "New Museum": ["31", "41", "17", "16", "15"], "IL Route 66 Association Hall of Fame & Museum": ["99", "45", "11", "1", "0"], "Monterey Museum of Art - Pacific Street": ["30", "24", "9", "1", "0"], "Harvard Museum of Natural History": ["396", "196", "36", "7", "3"], "New Mexico Museum of Natural History and Science": ["361", "160", "49", "5", "2"], "Bass Museum of Art": ["39", "26", "28", "11", "4"], "USS Silversides Submarine Museum": ["114", "58", "6", "1", "1"], "Vulcan Park and Museum": ["351", "308", "86", "6", "1"], "Taft Museum of Art": ["156", "60", "18", "4", "5"], "The Haggin Museum": ["69", "23", "5", "0", "0"], "California State Railroad Museum": ["1,369", "308", "41", "2", "0"], "911 Ground Zero Tour": ["2,232", "217", "31", "13", "10"], "Northeastern Nevada Museum": ["51", "19", "2", "2", "1"], "Loretta Lynn's Ranch": ["198", "81", "28", "11", "4"], "Buffalo Bill Grave and Museum": ["283", "325", "100", "5", "1"], "Salt and Pepper Shaker Museum": ["173", "105", "19", "9", "8"], "Southwest Florida Museum of History": ["51", "55", "12", "3", "4"], "Maritime and Seafood Industry Museum": ["49", "30", "10", "1", "3"], "Penn Museum": ["185", "87", "16", "2", "3"], "Nelson-Atkins Museum of Art": ["1,627", "293", "35", "1", "3"], "Palm Springs Air Museum": ["790", "275", "33", "6", "2"], "Mud Island River Park": ["254", "240", "113", "26", "17"], "Warther Museum": ["237", "21", "7", "0", "1"], "Wright Museum of WWII": ["146", "22", "3", "0", "1"], "Deming Luna Mimbres Museum": ["154", "17", "1", "0", "0"], "Laura Ingalls Wilder Historic Home and Museum": ["179", "76", "15", "2", "3"], "The Museum at Bethel Woods": ["254", "59", "9", "4", "2"], "Museum of the Earth": ["54", "39", "9", "2", "0"], "The Eiteljorg Museum": ["385", "155", "33", "8", "2"], "Memphis Rock 'n' Soul Museum": ["807", "439", "139", "28", "8"], "Klondike Gold Rush National Historical Park": ["304", "225", "45", "4", "1"], "Historic Arkansas Museum": ["71", "35", "17", "1", "2"], "Confederate Museum": ["71", "62", "31", "11", "7"], "Old Slave Mart Museum": ["269", "258", "108", "45", "19"], "Negro Leagues Baseball Museum": ["401", "180", "29", "3", "3"], "Witch Dungeon Museum": ["106", "148", "103", "56", "18"], "Zwaanendael Museum": ["36", "42", "22", "3", "0"], "New Orleans Museum of Art": ["297", "216", "54", "9", "4"], "Merry-Go-Round Museum": ["108", "50", "6", "1", "1"], "Glenn H. Curtiss Museum": ["280", "67", "5", "0", "0"], "The Baker Museum": ["48", "12", "4", "0", "0"], "National Route 66 Museum": ["108", "59", "24", "9", "5"], "The Walters Art Museum": ["820", "166", "19", "2", "0"], "Evansville Museum of Arts, History & Science": ["38", "36", "7", "0", "0"], "Marietta Museum of History": ["50", "16", "7", "2", "0"], "Benjamin Franklin Museum": ["132", "93", "27", "3", "3"], "The Museum of Western Art": ["160", "51", "7", "0", "3"], "Maine Lighthouse Museum": ["87", "49", "11", "0", "1"], "World of Chocolate Museum and Cafe": ["282", "153", "50", "11", "8"], "Hillwood Museum & Gardens": ["632", "129", "23", "2", "2"], "National Cryptologic Museum": ["78", "45", "11", "0", "0"], "Pima Air & Space Museum": ["2,092", "502", "86", "11", "3"], "Cable Car Museum": ["1,161", "715", "126", "11", "4"], "City Museum": ["3,414", "587", "172", "58", "57"], "Fountainhead Antique Auto Museum": ["546", "32", "2", "0", "1"], "Museum of Science and History": ["112", "110", "56", "21", "13"], "American Visionary Art Museum": ["771", "227", "67", "15", "14"], "Coastal Discovery Museum": ["441", "213", "49", "7", "5"], "Mid-America Science Museum": ["217", "86", "32", "2", "2"], "Route 66 Mother Road Museum": ["45", "32", "15", "2", "0"], "Chihuly Collection": ["757", "361", "151", "31", "5"], "Buffalo Soldiers National Museum": ["43", "22", "7", "2", "2"], "Balboa Park": ["4,837", "1,337", "198", "38", "11"], "Arizona Museum of Natural History": ["139", "59", "17", "4", "3"], "The National Museum of Nuclear Science & History": ["391", "204", "44", "5", "2"], "Ocean City Life-Saving Station Museum": ["166", "64", "13", "1", "1"], "Rhode Island School of Design Museum of Art": ["410", "144", "18", "6", "0"], "National Infantry Museum and Soldier Center": ["1,304", "111", "6", "2", "0"], "Williams College Museum of Art": ["105", "55", "6", "1", "0"], "Illinois State Museum": ["142", "75", "22", "9", "0"], "U.S. Space and Rocket Center": ["1,025", "474", "170", "46", "15"], "Pratt Museum": ["181", "71", "14", "0", "2"], "Oklahoma City Museum of Art": ["307", "132", "33", "5", "2"], "21c Museum Hotel": ["110", "55", "11", "1", "0"], "Naval Air Station Wildwood Aviation Museum": ["419", "142", "20", "4", "3"], "America on Wheels Museum": ["124", "83", "13", "1", "1"], "The Strong National Museum of Play": ["1,148", "196", "36", "7", "10"], "Museum of the City of New York": ["172", "175", "76", "40", "8"], "Akta Lakota Museum": ["131", "13", "2", "0", "0"], "Auburn Cord Duesenberg Automobile Museum": ["289", "38", "3", "0", "0"], "Noguchi Museum": ["64", "20", "2", "0", "0"], "Silent Wings Museum": ["104", "24", "3", "0", "0"], "Seattle Art Museum": ["468", "323", "139", "27", "9"], "New Mexico Museum of Space History": ["139", "134", "52", "9", "2"], "John F Kennedy Hyannis Museum": ["199", "189", "103", "40", "7"], "History Colorado Center": ["178", "94", "40", "24", "22"], "Smithsonian Institution Building": ["1,942", "555", "196", "43", "5"], "National Museum of Women in the Arts": ["118", "58", "15", "4", "2"], "Franklin G. Burroughs - Simeon B. Chapin Art Museum": ["157", "31", "9", "3", "0"], "Gallatin History Museum": ["41", "17", "1", "0", "1"], "Abraham Lincoln Presidential Library and Museum": ["2,644", "260", "67", "13", "14"], "George Eastman Museum": ["431", "164", "29", "7", "1"], "Jim Gatchell Memorial Museum": ["55", "26", "2", "0", "0"], "Indianapolis Museum of Art": ["745", "216", "34", "6", "4"], "Legion of Honor": ["876", "308", "48", "9", "3"], "Charles H. Wright Museum of African American History": ["126", "24", "5", "3", "2"], "Amon Carter Museum of American Art": ["309", "60", "8", "1", "1"], "Laws Railroad Museum": ["119", "43", "5", "0", "1"], "Texas Maritime Museum": ["65", "44", "10", "4", "1"], "SKELETONS: Animals Unveiled": ["268", "59", "14", "2", "4"], "Penske Racing Museum": ["110", "57", "10", "1", "1"], "Cornell Fine Arts Museum": ["36", "17", "9", "2", "1"], "Smoki Museum": ["44", "24", "6", "1", "0"], "Harvard Art Museums": ["136", "51", "9", "2", "1"], "Art Institute of Chicago": ["11,231", "1,823", "240", "56", "35"], "Kirkland Museum of Fine & Decorative Art": ["205", "52", "4", "1", "0"], "South Florida Museum and Bishop Planetarium": ["328", "158", "42", "12", "1"], "World's Largest Toy Museum": ["199", "120", "63", "19", "6"], "U.S. Veterans Memorial Museum": ["124", "31", "4", "0", "0"], "Cooper Hewitt, Smithsonian Design Museum": ["142", "46", "23", "21", "3"], "History Museum of Mobile": ["119", "48", "8", "1", "0"], "Museum of Northern Arizona": ["229", "89", "26", "8", "0"], "Bellevue Arts Museum (BAM)": ["61", "34", "17", "8", "3"], "Tongass Historical Museum": ["26", "39", "15", "2", "0"], "National Museum of Wildlife Art": ["872", "213", "44", "11", "0"], "Nantucket Shipwreck & Lifesaving Museum": ["76", "29", "1", "1", "0"], "Edison & Ford Winter Estates": ["2,058", "842", "176", "26", "14"], "New Mexico History Museum": ["626", "272", "40", "9", "3"], "Michael C. Carlos Museum": ["143", "61", "7", "0", "0"], "Millicent Rogers Museum": ["363", "112", "20", "6", "1"], "Bishop Museum": ["1,002", "399", "92", "23", "7"], "Dr. Seuss National Memorial Sculpture Garden": ["140", "88", "29", "6", "3"], "Historic Pensacola Village": ["132", "85", "14", "6", "0"], "Glore Psychiatric Museum": ["87", "55", "14", "3", "2"], "Rosa Parks Library and Museum": ["272", "72", "24", "6", "5"], "Erie Canal Museum": ["123", "81", "23", "2", "0"], "Potter's Wax Museum": ["168", "100", "71", "43", "28"], "Charleston Museum": ["244", "247", "45", "9", "5"], "The National Archives Museum": ["1,269", "472", "159", "39", "14"], "MOAS - Museum of Arts and Sciences": ["148", "89", "17", "4", "2"], "George Bush Presidential Library and Museum": ["512", "118", "26", "4", "0"], "The Bailey-Matthews National Shell Museum": ["600", "283", "102", "21", "5"], "Milwaukee Art Museum": ["1,185", "366", "70", "22", "6"], "Charles M. Schulz Museum": ["437", "209", "46", "4", "1"], "Tellus Science Museum": ["280", "85", "19", "2", "4"], "aSHEville Museum": ["57", "25", "8", "2", "0"], "Cantor Arts Center": ["227", "60", "8", "0", "1"], "Virginia Holocaust Museum": ["184", "56", "17", "2", "0"], "Silver City Museum": ["62", "64", "17", "0", "0"], "Lucy Desi Center For Comedy": ["152", "111", "22", "9", "3"], "Panhandle-Plains Historical Museum": ["270", "49", "3", "2", "0"], "Titan Missile Museum": ["605", "151", "14", "3", "4"], "Old Red Museum": ["102", "100", "30", "3", "1"], "Pearl Harbor / WW II Valor in the Pacific National Monument": ["5,720", "1,183", "257", "43", "24"], "Strasburg Rail Road": ["868", "401", "125", "21", "16"], "Stuhr Museum of the Prairie Pioneer": ["90", "40", "14", "2", "0"], "Temecula Museum": ["27", "20", "7", "0", "0"], "Reynolda House Museum of American Art": ["246", "99", "15", "2", "4"], "Nevada State Railroad Museum": ["113", "54", "13", "2", "2"], "Fort Collins Museum of Discovery": ["100", "36", "11", "3", "2"], "Destin History & Fishing Museum": ["50", "38", "8", "0", "0"], "Missouri History Museum": ["234", "160", "39", "11", "5"], "Vesterheim": ["88", "26", "6", "0", "0"], "National Civil War Naval Museum": ["174", "104", "24", "3", "1"], "Culinary Arts Museum": ["45", "33", "10", "1", "0"], "Baltimore Museum of Art": ["339", "120", "19", "3", "2"], "Estrella Warbird Air Museum": ["73", "32", "8", "0", "0"], "John F. Kennedy Presidential Museum & Library": ["1,492", "525", "130", "25", "3"], "Mark Twain Boyhood Home and Museum": ["240", "196", "69", "11", "2"], "Museum of the Confederacy-Appomattox": ["110", "35", "13", "0", "1"], "Studebaker National Museum": ["236", "86", "7", "0", "1"], "Mid-Hudson Children's Museum": ["40", "33", "18", "8", "0"], "Armstrong Air & Space Museum": ["72", "79", "21", "2", "1"], "Gilmore Car Museum": ["330", "29", "1", "1", "0"], "Los Angeles Museum of the Holocaust": ["66", "15", "5", "0", "0"], "Fire Museum of Memphis": ["65", "31", "12", "5", "0"], "Museum of the Everglades": ["114", "64", "21", "4", "2"], "Peabody Essex Museum": ["972", "233", "57", "19", "9"], "Boca Raton Museum of Art": ["107", "66", "37", "6", "5"], "Discovery Center Museum": ["166", "46", "4", "2", "1"], "Fort Monroe's Casemate Museum": ["199", "97", "12", "2", "1"], "Washington County Museum of Fine Arts": ["64", "30", "0", "0", "0"], "Museum at Prairiefire": ["40", "45", "32", "13", "4"], "Turquoise Museum": ["99", "34", "5", "7", "3"], "The Lightner Museum": ["966", "455", "168", "43", "8"], "Dallas Holocaust Museum": ["148", "96", "32", "5", "4"], "Nasher Sculpture Center": ["391", "153", "65", "16", "10"], "Vero Beach Museum of Art": ["203", "72", "22", "3", "4"], "Columbus Museum of Art": ["146", "91", "35", "11", "6"], "Charles H. MacNider Art Museum": ["33", "21", "2", "0", "0"], "Saint Louis Art Museum": ["609", "175", "32", "1", "2"], "National Automobile Museum": ["808", "193", "22", "5", "2"], "Tenement Museum": ["3,084", "828", "205", "83", "36"], "Museum of Glass": ["445", "236", "124", "39", "19"], "Kentucky Derby Museum": ["1,303", "450", "81", "10", "4"], "Gilcrease Museum": ["426", "106", "18", "5", "2"], "Children's Museum of Winston-Salem": ["90", "47", "13", "3", "0"], "U.S. Air Force Space & Missile Museum": ["62", "37", "5", "1", "0"], "Mint Museum Uptown": ["171", "105", "22", "6", "1"], "Shangri La": ["469", "85", "17", "7", "3"], "Museum of the West": ["30", "19", "13", "1", "1"], "International Towing and Recovery Museum": ["60", "51", "16", "1", "0"], "The Tech Museum of Innovation": ["300", "155", "72", "28", "12"], "Galena / Jo Daviess County Historical Society and Museum": ["117", "65", "10", "2", "0"], "New York State Museum": ["422", "198", "34", "8", "5"], "San Diego Air & Space Museum": ["174", "162", "53", "13", "3"], "The Mark Twain House & Museum": ["617", "243", "46", "7", "5"], "The Holocaust Museum & Education Center of Southwest Florida": ["132", "21", "7", "1", "1"], "Savannah History Museum": ["110", "86", "61", "20", "9"], "The Leonardo Museum": ["46", "56", "29", "10", "6"], "San Juan County Historical Society": ["63", "8", "2", "0", "1"], "San Diego Museum of Art": ["51", "65", "25", "5", "4"], "Corpus Christi Museum of Science and History": ["85", "65", "33", "5", "2"], "Carolinas Aviation Museum": ["202", "141", "35", "7", "0"], "Colorado Springs Pioneers Museum": ["125", "76", "23", "3", "1"], "Railroad Museum of Pennsylvania": ["482", "159", "17", "1", "1"], "The National WWII Museum": ["12,278", "2,207", "473", "96", "30"], "Great Lakes Shipwreck Museum": ["357", "148", "22", "14", "5"], "Boot Hill Museum": ["266", "182", "61", "20", "6"], "Christ in the Smokies Museum & Gardens": ["307", "79", "37", "7", "6"], "Motown Museum": ["799", "216", "56", "14", "6"], "Southern Museum of Flight": ["67", "39", "12", "0", "1"], "Charles Hosmer Morse Museum of American Art": ["824", "110", "13", "1", "1"], "Morris Museum": ["51", "29", "10", "1", "2"], "Holocaust Museum Houston": ["386", "127", "26", "8", "3"], "Carnegie Museum of Natural History": ["702", "220", "42", "9", "3"], "Dallas Museum of Art": ["724", "373", "89", "17", "11"], "Harland Sanders Cafe and Museum": ["89", "109", "73", "13", "5"], "El Paso Museum of Art": ["61", "45", "16", "3", "1"], "Shelburne Museum": ["603", "112", "20", "8", "3"], "Salem Witch Museum": ["271", "349", "514", "258", "230"], "Museum of the Plains Indian": ["141", "25", "3", "0", "1"], "World Erotic Art Museum (WEAM)": ["75", "77", "44", "9", "3"], "Brooklyn Museum": ["530", "204", "46", "7", "2"], "Geneva Lake Museum of History": ["68", "25", "3", "0", "1"], "The Durham Museum": ["454", "179", "32", "4", "2"], "Riverfront Museum": ["72", "47", "26", "13", "5"], "Mississippi Children's Museum": ["196", "42", "10", "2", "4"], "Sea Glass Museum": ["65", "69", "35", "9", "4"], "Bennington Museum": ["109", "73", "11", "2", "1"], "Museum of Natural and Cultural History": ["40", "12", "3", "0", "0"], "ESSE Purse Museum": ["69", "18", "11", "0", "0"], "Ackland Art Museum": ["36", "44", "7", "1", "2"], "National Museum of American History": ["1,662", "695", "314", "105", "24"], "Pacific Tsunami Museum": ["131", "147", "40", "5", "2"], "The Nethercutt Collection": ["410", "55", "3", "2", "3"], "Jupiter Inlet Lighthouse & Museum": ["393", "176", "42", "13", "4"], "DeWitt Wallace Decorative Arts Museum": ["300", "86", "13", "1", "1"], "Madame Tussauds New York": ["898", "907", "478", "133", "57"], "Santa Barbara Museum of Art": ["155", "101", "28", "2", "2"], "Hank Williams Museum": ["64", "47", "26", "2", "5"], "High Desert Museum": ["890", "254", "58", "11", "3"], "Ouray County Museum": ["89", "24", "4", "0", "0"], "Erotic Heritage Museum, Las Vegas": ["30", "37", "17", "6", "6"], "The Neon Museum": ["1,599", "523", "161", "40", "28"], "Air Mobility Command Museum": ["430", "70", "11", "1", "0"], "The National Atomic Testing Museum": ["395", "383", "133", "24", "8"], "San Diego Automotive Museum": ["33", "54", "42", "10", "2"], "National Museum of the American Indian": ["140", "127", "39", "13", "5"], "Augusta Museum of History": ["105", "52", "7", "0", "0"], "National Portrait Gallery": ["1,443", "464", "67", "8", "0"], "Civil War Medical Museum": ["54", "40", "4", "2", "0"], "Wichita Art Museum": ["49", "37", "6", "2", "1"], "Perot Museum of Nature and Science": ["1,332", "569", "162", "49", "15"], "Jackson Hole Museum": ["45", "36", "14", "4", "0"], "The Clark Art Institute": ["711", "112", "33", "8", "7"], "Buffalo Bill Museum": ["69", "82", "34", "2", "1"], "Mothman Museum": ["88", "35", "19", "4", "2"], "Maritime Museum of San Diego": ["621", "337", "61", "3", "2"], "Crocker Art Museum": ["511", "163", "21", "4", "4"], "Mennello Museum of American Art": ["13", "13", "5", "0", "1"], "New Orleans Historic Voodoo Museum": ["86", "101", "74", "36", "23"], "Biodiversity Institute & Natural History Museum": ["49", "19", "5", "1", "0"], "Georgia O'Keeffe Museum": ["1,365", "801", "420", "156", "47"], "Pin Point Heritage Museum": ["233", "31", "5", "0", "1"], "White Sands Missile Range": ["152", "99", "20", "4", "2"], "National Motorcycle Museum": ["79", "19", "2", "0", "0"], "California Automobile Museum": ["125", "62", "20", "2", "0"], "Mercer Museum": ["213", "87", "14", "1", "0"], "Denver Museum of Nature & Science": ["1,704", "603", "140", "25", "10"], "Lynchburg Museum": ["31", "21", "4", "0", "0"], "San Francisco Museum of Modern Art (SFMOMA)": ["345", "126", "56", "19", "9"], "Museum of Indian Arts & Culture": ["361", "116", "25", "6", "4"], "Tampa Bay History Center": ["190", "119", "36", "9", "0"], "Frist Center for Visual Arts": ["351", "173", "44", "12", "10"], "1940 Air Terminal Museum": ["59", "35", "5", "3", "0"], "Art Car Museum": ["33", "43", "24", "7", "2"], "National Museum of the Marine Corps": ["681", "32", "5", "2", "1"], "Tallahassee Antique Car Museum": ["224", "63", "20", "5", "4"], "Dayton Art Institute": ["189", "55", "16", "0", "2"], "First Division Museum at Cantigny": ["143", "18", "3", "0", "0"], "Franklin Museum": ["59", "14", "1", "0", "0"], "Muhammad Ali Center": ["436", "159", "43", "9", "7"], "Automobile Driving Museum": ["46", "18", "5", "0", "2"], "San Antonio Fire Museum": ["114", "22", "5", "0", "0"], "Idaho Potato Museum": ["44", "67", "18", "2", "1"], "San Antonio Museum of Art": ["327", "168", "29", "5", "1"], "St. Augustine Lighthouse & Maritime Museum": ["2,619", "960", "188", "55", "15"], "Henry B. Plant Museum": ["247", "166", "45", "5", "1"], "Philadelphia Museum of Art": ["3,113", "815", "141", "27", "13"], "Asheville Art Museum": ["18", "19", "20", "11", "2"], "Bradbury Science Museum": ["306", "159", "33", "4", "0"], "Chudnow Museum of Yesteryear": ["151", "38", "2", "0", "1"], "Tate Geological Museum": ["52", "16", "3", "2", "0"], "National World War I Museum and Memorial": ["2,701", "378", "36", "3", "1"], "Princeton University Art Museum": ["330", "77", "3", "3", "1"], "Abby Aldrich Rockefeller Folk Art Museum": ["348", "92", "18", "2", "0"], "Stafford Air & Space Museum": ["89", "8", "0", "0", "0"], "Hunter Museum of American Art": ["209", "122", "34", "5", "2"], "Frankenmuth Historical Museum": ["53", "56", "26", "3", "1"], "Antique Automobile Club of America Museum": ["350", "125", "24", "4", "3"], "Estes Park Museum": ["57", "38", "10", "0", "0"], "Ogunquit Museum of American Art": ["172", "99", "20", "4", "0"], "International UFO Museum and Research Center": ["288", "539", "416", "111", "49"], "Children's Museum of Manhattan": ["47", "34", "25", "13", "10"], "National Museum of the Pacific War": ["1,610", "175", "18", "3", "1"], "Grand Rapids Public Museum": ["263", "139", "36", "8", "0"], "Lyman Museum": ["85", "55", "14", "4", "0"], "History of Diving Museum": ["350", "142", "27", "2", "1"], "Baltimore and Ohio Railroad Museum": ["342", "161", "33", "3", "6"], "Oregon Historical Society Museum": ["131", "85", "21", "5", "2"], "Children's Museum of Houston": ["784", "210", "59", "18", "13"], "Children's Museum of Pittsburgh": ["265", "99", "32", "10", "2"], "Jefferson Historical Museum": ["77", "39", "7", "2", "0"], "Simeone Foundation Automotive Museum": ["121", "46", "4", "0", "0"], "Sacramento History Museum": ["27", "41", "5", "2", "0"], "Kentucky Horse Park": ["1,139", "337", "86", "20", "8"], "Museum of Making Music": ["141", "63", "13", "1", "2"], "Rock and Roll Hall of Fame and Museum": ["3,250", "1,500", "531", "126", "54"], "Santa Barbara Maritime Museum": ["83", "46", "12", "0", "0"], "Seattle Center": ["408", "267", "89", "20", "4"], "Draper Natural History Museum": ["88", "21", "1", "0", "0"], "Jack Sisemore Traveland RV Museum": ["256", "44", "3", "0", "3"], "Ocean Star Offshore Drilling Rig & Museum": ["287", "206", "46", "7", "1"], "Museum of the Rockies": ["681", "222", "55", "6", "0"], "Cleveland Museum of Natural History": ["186", "134", "40", "8", "6"], "Sarasota Classic Car Museum": ["113", "115", "41", "9", "3"], "National Museum of the U.S. Air Force": ["2,589", "206", "16", "3", "3"], "Kauai Museum": ["137", "114", "52", "6", "2"], "American Museum of Science & Energy": ["173", "102", "17", "2", "1"], "Buford Pusser Home and Museum": ["35", "14", "5", "2", "0"], "Ann Arbor Hands-On Museum": ["198", "101", "18", "4", "0"], "New England Air Museum": ["129", "49", "8", "1", "0"], "GulfQuest National Maritime Museum of the Gulf of Mexico": ["106", "18", "5", "2", "0"], "Mohave Museum of History and Arts": ["47", "25", "9", "0", "2"], "Ellis Island": ["1,475", "719", "271", "63", "31"], "San Diego Model Railroad Museum": ["190", "85", "20", "6", "3"], "Superstition Mountain Museum": ["94", "86", "29", "1", "2"], "Please Touch Museum": ["659", "221", "72", "11", "12"], "McClung Museum of Natural History and Culture": ["68", "35", "9", "2", "0"], "NSU Art Museum": ["96", "62", "30", "13", "11"], "Morikami Museum & Japanese Gardens": ["874", "252", "48", "12", "17"]}