{"Gettysburg Heritage Center": ["88", "86", "17", "2", "33"], "Hudson River Museum": ["25", "22", "2", "4", "15"], "The Aurora Ice Museum": ["132", "204", "35", "7", "106"], "Chrysler Museum of Art": ["133", "155", "52", "17", "93"], "Pink Palace Museum": ["163", "84", "12", "7", "41"], "Gettysburg Seminary Ridge Museum": ["84", "170", "34", "4", "64"], "Oklahoma Railway Museum": ["23", "8", "1", "1", "4"], "Ships of the Sea Maritime Museum": ["73", "237", "24", "14", "82"], "LBJ Presidential Library": ["399", "605", "144", "107", "302"], "Museum Mile": ["0", "8", "1", "0", "4"], "High Museum of Art": ["290", "338", "112", "85", "258"], "Virginia Living Museum": ["242", "54", "14", "5", "28"], "Computer History Museum": ["107", "68", "59", "48", "71"], "Georgia State Railroad Museum": ["135", "184", "22", "6", "32"], "University of Michigan Museum of Natural History": ["36", "16", "9", "4", "12"], "Mutter Museum": ["236", "281", "81", "32", "170"], "Independence Seaport Museum": ["39", "33", "21", "3", "13"], "Fort East Martello Museum": ["57", "122", "4", "1", "49"], "The Delta Blues Museum": ["32", "159", "40", "4", "53"], "Pensacola Naval Air Station": ["255", "156", "40", "14", "86"], "The Metropolitan Museum of Art": ["5,072", "6,264", "2,131", "638", "3,782"], "The Andy Griffith Museum": ["120", "241", "21", "5", "55"], "Science Museum of Minnesota": ["270", "104", "20", "22", "57"], "Living Computer Museum": ["22", "25", "7", "2", "10"], "Fairhope Museum": ["16", "30", "8", "0", "14"], "The California Route 66 Museum": ["21", "35", "13", "2", "19"], "Mount Dora Museum Of Speed": ["25", "69", "11", "1", "39"], "Frazier History Museum": ["140", "149", "34", "21", "68"], "Pueblo Grande Museum": ["30", "31", "17", "5", "16"], "Golisano Children's Museum of Naples": ["160", "14", "3", "3", "15"], "The Mob Museum": ["728", "2,363", "312", "120", "926"], "Skagway Museum and Archives": ["22", "69", "7", "0", "19"], "45th Infantry Division Museum": ["64", "50", "17", "9", "20"], "Museum of Russian Icons": ["14", "36", "9", "1", "44"], "Madison Children's Museum": ["109", "11", "1", "4", "21"], "Museum of Life + Science": ["322", "43", "12", "15", "47"], "Gettysburg Museum of History": ["286", "307", "60", "9", "122"], "Key West Shipwreck Treasure Museum": ["148", "290", "23", "2", "75"], "Landis Valley Museum": ["53", "67", "12", "2", "42"], "Lost City Museum": ["18", "39", "6", "0", "7"], "Jimmy Carter Library & Museum": ["144", "208", "52", "42", "126"], "Laura Ingalls Wilder Museum": ["45", "12", "12", "1", "3"], "Patton Museum of Cavalry and Armor": ["42", "27", "12", "5", "19"], "Museum of the Mountain Man": ["31", "59", "9", "1", "14"], "Wheels Through Time Transportation Museum": ["146", "339", "48", "6", "229"], "Oklahoma City National Memorial & Museum": ["793", "715", "225", "175", "424"], "The Menil Collection": ["116", "163", "77", "29", "109"], "Strawbery Banke Museum": ["143", "295", "23", "12", "90"], "Yale University Art Gallery": ["98", "158", "66", "29", "104"], "Museum of Chincoteague": ["146", "88", "18", "2", "44"], "Buffalo Museum of Science": ["87", "20", "2", "1", "6"], "Boston Tea Party Ships & Museum": ["1,202", "1,157", "179", "97", "415"], "The Health Museum": ["52", "15", "5", "3", "6"], "International Wildlife Museum": ["59", "56", "14", "3", "18"], "Heard Museum": ["258", "486", "122", "75", "306"], "Thomas A. Jaggar Museum": ["236", "461", "40", "2", "102"], "Modern Art Museum of Fort Worth": ["57", "83", "19", "19", "53"], "Airborne and Special Operations Museum": ["217", "109", "44", "47", "92"], "Crawford Auto-Aviation Museum": ["20", "27", "4", "3", "12"], "National Museum of American Illustration": ["33", "91", "15", "2", "51"], "Patee House Museum": ["77", "106", "17", "4", "29"], "Museum of Geology": ["94", "59", "4", "3", "15"], "Original McDonald's Site and Museum": ["32", "30", "11", "1", "13"], "National Cowgirl Museum and Hall of Fame": ["31", "29", "10", "5", "28"], "EMP Museum": ["1,103", "1,135", "244", "72", "504"], "Cameron Art Museum": ["21", "23", "9", "3", "25"], "Barber Vintage Motorsports Museum": ["145", "170", "48", "43", "153"], "Museum of the Great Plains": ["76", "20", "13", "4", "10"], "Museum of Clean": ["27", "45", "9", "4", "18"], "San Diego Museum of Man": ["47", "58", "23", "1", "18"], "Indian Temple Mound and Museum": ["27", "40", "7", "3", "6"], "Indiana State Museum": ["110", "52", "26", "28", "41"], "Institute of Texan Cultures": ["73", "96", "25", "18", "37"], "Birmingham Civil Rights Institute": ["177", "143", "55", "42", "103"], "Sandwich Glass Museum": ["99", "171", "21", "2", "68"], "Currier Museum of Art": ["69", "115", "29", "8", "68"], "Clark County Heritage Museum": ["97", "181", "33", "5", "64"], "Arizona Route 66 Museum": ["69", "162", "20", "2", "36"], "Natural History Museum of Utah": ["289", "189", "59", "40", "99"], "Golden Gate Park": ["1,348", "1,939", "411", "209", "765"], "Missouri Civil War Museum": ["151", "139", "48", "4", "72"], "Figge Art Museum": ["35", "47", "20", "8", "22"], "Mashantucket Pequot Museum & Research Center": ["83", "89", "7", "5", "25"], "Hawaii Volcanoes National Park": ["1,156", "1,818", "159", "19", "467"], "National Corvette Museum": ["437", "609", "96", "30", "183"], "Roswell Museum & Art Center": ["57", "79", "16", "6", "19"], "Tybee Island Lighthouse Museum": ["498", "580", "41", "8", "182"], "National Museum of Funeral History": ["59", "70", "26", "10", "69"], "Billings Farm and Museum": ["108", "145", "14", "5", "42"], "Strategic Air Command & Aerospace Museum": ["100", "65", "28", "6", "32"], "The Johnny Cash Museum": ["553", "1,294", "177", "116", "575"], "New Mexico Museum of Art": ["46", "169", "43", "6", "54"], "Tulsa Air and Space Museum": ["66", "32", "8", "4", "26"], "Juneau-Douglas City Museum": ["9", "39", "12", "1", "6"], "National Museum of the Mighty Eighth Air Force": ["162", "207", "46", "11", "72"], "Fenimore Art Museum": ["74", "215", "18", "3", "64"], "The El Paso Holocaust Museum": ["35", "25", "7", "4", "6"], "Sam Noble Oklahoma Museum of Natural History": ["122", "31", "13", "10", "38"], "Niagara Wax Museum of History": ["25", "6", "2", "0", "7"], "Birmingham Museum of Art": ["72", "78", "34", "25", "37"], "Tampa Museum of Art": ["40", "66", "14", "10", "39"], "Tupelo Automobile Museum": ["54", "138", "36", "12", "41"], "Historic Railpark and Train Museum": ["51", "46", "12", "1", "11"], "Booth Western Art Museum": ["80", "92", "29", "5", "71"], "Seattle Children's Museum": ["96", "2", "1", "2", "2"], "Marbles Kids Museum": ["439", "40", "6", "22", "30"], "Rosicrucian Egyptian Museum": ["184", "84", "44", "15", "67"], "Mystic Seaport": ["627", "717", "60", "15", "209"], "Miami Children's Museum": ["199", "7", "1", "4", "12"], "Los Angeles County Museum of Art": ["357", "344", "164", "50", "316"], "Adirondack Museum": ["75", "106", "9", "6", "35"], "United States Holocaust Memorial Museum": ["1,997", "1,548", "467", "294", "830"], "Ford's Theatre": ["990", "645", "165", "86", "282"], "Franklin D. Roosevelt Presidential Library and Museum": ["163", "391", "44", "7", "145"], "Ronald Reagan Presidential Library and Museum": ["440", "580", "103", "41", "289"], "The Morgan Library & Museum": ["106", "271", "123", "39", "154"], "The Broad": ["72", "93", "45", "11", "132"], "Children's Museum of Memphis": ["118", "2", "1", "1", "7"], "Museum of Jewish Heritage": ["26", "49", "24", "2", "32"], "Naples Depot Museum": ["35", "47", "3", "1", "17"], "Old Montana Prison Complex": ["49", "61", "5", "1", "13"], "Newseum": ["1,587", "1,524", "425", "363", "871"], "Louisiana State Museum Baton Rouge": ["46", "35", "13", "16", "22"], "Creative Discovery Museum": ["452", "22", "3", "8", "22"], "Wyoming State Museum": ["78", "101", "18", "5", "11"], "Upcountry History Museum": ["23", "35", "2", "5", "10"], "Geronimo Springs Museum": ["22", "74", "17", "5", "23"], "Circus World": ["176", "94", "9", "5", "33"], "Harwood Museum of Art": ["18", "66", "15", "2", "18"], "The Jewish Museum": ["25", "73", "27", "0", "31"], "The Children's Museum of Green Bay": ["55", "5", "2", "0", "3"], "National Museum of World War II Aviation": ["141", "105", "33", "7", "101"], "The Submarine Force Museum": ["208", "157", "37", "9", "54"], "Ava Gardner Museum": ["15", "37", "12", "3", "26"], "Pontiac-Oakland Automobile Museum": ["21", "49", "15", "0", "27"], "Admiral Nimitz State Historic Site": ["68", "141", "17", "1", "53"], "Southwest Florida Military Museum & Library": ["29", "34", "13", "2", "25"], "Wilmington Railroad Museum": ["83", "46", "7", "5", "12"], "New Britain Museum of American Art": ["31", "52", "17", "2", "40"], "Dennos Museum Center": ["22", "36", "15", "3", "19"], "Fernbank Museum of Natural History": ["258", "103", "25", "10", "42"], "Milwaukee Public Museum": ["252", "121", "23", "10", "87"], "Tacoma Art Museum": ["27", "48", "19", "4", "35"], "West Virginia State Museum": ["71", "61", "16", "8", "28"], "Hirshhorn Museum and Sculpture Garden": ["93", "109", "65", "15", "61"], "Museum of the Cherokee Indian": ["241", "307", "50", "6", "91"], "Ground Zero Museum Workshop": ["350", "467", "69", "28", "265"], "Selena Museum": ["58", "34", "10", "3", "10"], "Mariposa Museum and History Center": ["29", "35", "6", "0", "16"], "Anchorage Museum at Rasmuson Center": ["364", "631", "160", "48", "225"], "Ralph Foster Museum": ["75", "98", "6", "4", "21"], "Yale Peabody Museum of Natural History": ["122", "42", "18", "4", "32"], "Titanic Museum": ["1,607", "1,106", "74", "29", "354"], "Anniston Museum of Natural History": ["36", "10", "4", "3", "7"], "Geppi's Entertainment Museum": ["54", "39", "3", "7", "22"], "California Science Center": ["878", "389", "132", "47", "316"], "Clyfford Still Museum": ["40", "70", "42", "20", "56"], "University of Michigan Museum of Art": ["38", "35", "16", "8", "22"], "The Speed Art Museum": ["18", "14", "6", "2", "18"], "Currahee Military Museum": ["28", "27", "10", "2", "4"], "New Smyrna Museum of History": ["24", "39", "4", "2", "25"], "Virginia War Museum": ["29", "21", "15", "3", "12"], "RV/MH Hall of Fame and Museum": ["31", "102", "13", "4", "24"], "North Carolina Museum of Natural Sciences": ["569", "228", "64", "66", "121"], "Allentown Art Museum": ["21", "17", "8", "3", "16"], "The George W. Bush Presidential Library and Museum": ["619", "733", "137", "118", "404"], "Molly Brown House Museum": ["163", "255", "56", "49", "161"], "R.E. Olds Transportation Museum": ["23", "18", "12", "6", "16"], "Neue Galerie": ["60", "232", "102", "12", "136"], "Samuel P. Harn Museum of Art": ["31", "44", "13", "7", "27"], "South Dakota Air and Space Museum": ["201", "190", "22", "6", "35"], "The Henry Ford": ["801", "715", "150", "92", "291"], "Ca d'Zan Mansion": ["270", "499", "57", "25", "317"], "Portland Museum of Art": ["152", "446", "67", "16", "155"], "Door County Maritime Museum": ["68", "109", "5", "1", "23"], "Pilgrim Hall Museum": ["73", "96", "13", "2", "21"], "Woolaroc Museum & Wildlife Preserve": ["106", "85", "8", "7", "31"], "Museum of Science": ["858", "267", "71", "40", "165"], "Spanish Military Hospital Museum": ["78", "151", "8", "0", "42"], "The Putnam Museum & Science Center": ["68", "33", "7", "0", "16"], "Harley-Davidson Museum": ["261", "560", "121", "116", "345"], "Ellis Island Immigration Museum": ["240", "312", "50", "9", "143"], "Knoxville Museum of Art": ["52", "46", "15", "7", "22"], "Maturango Museum": ["14", "20", "7", "4", "11"], "Explore More Discovery Museum": ["42", "3", "0", "1", "3"], "International Museum of Surgical Science": ["21", "22", "17", "4", "19"], "Meteor Crater": ["502", "704", "96", "6", "179"], "New Hampshire Boat Museum": ["11", "20", "5", "0", "7"], "Florida Museum of Natural History": ["212", "108", "28", "19", "62"], "College of the Ozarks": ["469", "602", "31", "27", "291"], "Grohmann Museum": ["15", "44", "11", "5", "20"], "Bechtler Museum of Modern Art": ["20", "50", "14", "6", "26"], "Museum of Jurassic Technology": ["21", "36", "8", "2", "49"], "Door County Historical Museum": ["35", "47", "3", "0", "12"], "Chicago History Museum": ["122", "211", "68", "22", "87"], "San Diego Natural History Museum": ["82", "62", "20", "5", "28"], "The Phillips Collection": ["143", "281", "118", "62", "172"], "Telluride Historical Museum": ["27", "43", "8", "2", "19"], "Honolulu Museum of Art": ["106", "273", "87", "19", "122"], "Blackhawk Museum": ["31", "50", "13", "6", "64"], "McNay Art Museum": ["137", "201", "45", "25", "95"], "Bowers Museum of Cultural Art": ["30", "59", "24", "5", "53"], "Cincinnati Museum Center at Union Terminal": ["564", "242", "43", "26", "135"], "Armed Forces Museum": ["13", "19", "1", "2", "4"], "Western Spirit: Scottsdale's Museum of the West": ["25", "97", "13", "3", "47"], "Science Museum of Western Virginia & Hopkins Planetarium": ["37", "8", "0", "2", "4"], "National Underground Railroad Freedom Center": ["165", "141", "40", "37", "104"], "Whaling Museum": ["219", "415", "52", "8", "122"], "Kalamazoo Valley Museum": ["73", "21", "10", "4", "18"], "Phoenix Art Museum": ["80", "159", "60", "27", "121"], "Kimbell Art Museum": ["191", "275", "74", "40", "179"], "Colby College Museum of Art": ["31", "30", "6", "1", "24"], "New Mexico Farm and Ranch Heritage Museum": ["68", "77", "13", "8", "27"], "Mississippi Museum of Natural Science": ["95", "24", "8", "8", "15"], "Wisconsin Auto Museum": ["9", "15", "3", "0", "11"], "The Saratoga Automobile Museum": ["34", "78", "8", "7", "30"], "San Jose Museum of Art": ["17", "20", "18", "5", "22"], "The Museum of Russian Art": ["37", "75", "25", "4", "73"], "The Museum of Contemporary Art": ["19", "25", "20", "4", "21"], "Pacific Aviation Museum Pearl Harbor": ["219", "319", "60", "16", "75"], "Smithsonian National Air and Space Museum": ["4,199", "2,767", "737", "419", "1,171"], "National Civil War Museum": ["161", "228", "50", "22", "97"], "Museum of International Folk Art": ["224", "539", "104", "27", "280"], "Chennault Aviation and Military Museum": ["22", "13", "8", "2", "17"], "Chesapeake Bay Maritime Museum": ["105", "320", "21", "7", "91"], "U.S.S. Cairo Museum": ["185", "393", "52", "11", "76"], "California Academy of Sciences": ["1,103", "778", "201", "71", "362"], "New-York Historical Society Museum & Library": ["78", "139", "60", "13", "93"], "The Bryan Museum": ["15", "32", "5", "5", "25"], "Cheyenne Frontier Days Old West Museum": ["50", "67", "18", "3", "23"], "Mint Museum Randolph": ["21", "22", "5", "8", "17"], "The White House and Museum of the Confederacy": ["187", "319", "78", "18", "96"], "Michigan Historical Museum": ["42", "24", "14", "4", "13"], "Virginia Museum of Fine Arts": ["344", "535", "128", "52", "393"], "Terry Lee Wells Nevada Discovery Museum": ["85", "18", "1", "2", "15"], "Andrew Jackson's Hermitage": ["799", "1,155", "141", "104", "467"], "Museum of Florida History": ["60", "41", "13", "8", "23"], "National Mall": ["1,066", "903", "292", "179", "444"], "George Jones Entertainment Complex": ["51", "150", "15", "11", "99"], "Museum of the Big Bend": ["45", "98", "13", "6", "35"], "Detroit Historical Museum": ["59", "45", "15", "11", "46"], "American Sign Museum": ["88", "143", "15", "15", "80"], "Phoenix Police Museum": ["17", "15", "7", "1", "4"], "Santa Cruz Surfing Museum": ["39", "37", "9", "1", "21"], "Isabella Stewart Gardner Museum": ["297", "537", "170", "64", "320"], "National Liberty Museum": ["28", "17", "13", "0", "12"], "Arizona State Museum": ["15", "29", "16", "3", "17"], "National Museum of African Art": ["16", "26", "23", "2", "17"], "Air Force Armament Museum": ["348", "192", "35", "16", "70"], "Savannah Children's Museum": ["50", "0", "0", "0", "1"], "Houston Museum District": ["122", "107", "39", "38", "60"], "St. Augustine Pirate & Treasure Museum": ["846", "578", "38", "8", "166"], "The Buckhorn Saloon and Texas Ranger Museum": ["146", "251", "27", "27", "73"], "Concord Museum": ["32", "48", "14", "2", "23"], "Kern County Museum": ["50", "40", "11", "6", "27"], "The Cummer Museum of Art and Gardens": ["182", "224", "53", "21", "146"], "Wisconsin Historical Museum": ["18", "20", "5", "0", "5"], "The Money Museum at the Federal Reserve Bank - Denver Branch": ["48", "53", "18", "13", "22"], "Farnsworth Art Museum": ["59", "277", "28", "10", "97"], "US Army Museum of Hawaii": ["324", "525", "86", "29", "103"], "Armed Forces History Museum": ["56", "45", "18", "1", "43"], "Intrepid Sea, Air & Space Museum": ["1,146", "1,135", "238", "42", "371"], "Museum of Discovery and Science": ["288", "100", "21", "6", "62"], "The Presbytere": ["72", "178", "46", "8", "78"], "Museum of Sex": ["7", "204", "38", "4", "119"], "Metal Museum": ["36", "74", "14", "5", "29"], "Navy Seal Museum": ["179", "244", "29", "5", "97"], "Santa Barbara Museum of Natural History": ["75", "49", "13", "3", "24"], "Nauticus National Maritime Center": ["241", "123", "30", "20", "49"], "Greensboro Children's Museum": ["98", "12", "1", "2", "4"], "Solomon R. Guggenheim Museum": ["324", "638", "197", "23", "282"], "Pilgrim Monument & Provincetown Museum": ["200", "375", "44", "3", "116"], "The Barnes Foundation": ["527", "1,152", "306", "177", "786"], "Apalachicola Maritime Museum": ["23", "74", "12", "0", "22"], "Puget Sound Navy Museum": ["33", "39", "7", "3", "17"], "Union Pacific Railroad Museum": ["71", "38", "20", "2", "17"], "Country Music Hall of Fame and Museum": ["1,391", "2,871", "295", "337", "1,367"], "Museum of Contemporary Art": ["65", "125", "69", "19", "88"], "Museum of History & Industry": ["131", "177", "51", "17", "112"], "Bicycle Heaven": ["102", "94", "19", "4", "78"], "Pacific Science Center": ["427", "217", "51", "5", "97"], "Mill City Museum": ["244", "222", "75", "50", "160"], "Military Aviation Museum": ["244", "199", "51", "19", "108"], "Nassau County Museum of Art": ["14", "20", "8", "1", "20"], "The Mini Time Machine Museum of Miniatures": ["136", "108", "23", "4", "84"], "Texas Military Forces Museum": ["37", "23", "12", "1", "21"], "Nevada Northern Railway Museum": ["45", "107", "17", "4", "19"], "Louisville Slugger Museum & Factory": ["1,277", "996", "158", "200", "487"], "Fort Bliss and Old Ironsides Museums": ["24", "21", "10", "11", "13"], "Johnson Museum of Art": ["35", "49", "9", "4", "18"], "Frick Collection": ["832", "1,778", "584", "182", "1,047"], "Mobile Carnival Museum": ["69", "81", "18", "17", "55"], "Donner Memorial State Park and Emigrant Trail Museum": ["89", "110", "13", "2", "34"], "Arizona Copper Art Museum": ["29", "88", "16", "7", "58"], "The Sixth Floor Museum/Texas School Book Depository": ["1,175", "1,387", "432", "372", "885"], "Lone Star Flight Museum": ["113", "95", "29", "11", "22"], "National Cowboy & Western Heritage Museum": ["293", "387", "72", "65", "159"], "Kemper Museum of Contemporary Art": ["35", "54", "18", "8", "44"], "Detroit Institute of Arts": ["297", "446", "122", "72", "378"], "The Exploratorium": ["979", "339", "88", "66", "195"], "Fred Jones Jr. Museum of Art": ["23", "24", "11", "5", "14"], "Hammer Museum": ["13", "22", "14", "4", "21"], "Money Museum at the Federal Reserve Bank": ["60", "49", "14", "4", "32"], "Bruce Museum": ["24", "23", "7", "4", "24"], "Union Station": ["56", "41", "9", "4", "25"], "Kenosha Public Museum": ["47", "13", "11", "1", "22"], "Corning Museum of Glass": ["674", "807", "75", "26", "245"], "Museum of Military History": ["52", "39", "6", "0", "7"], "National Baseball Hall of Fame and Museum": ["741", "837", "100", "15", "255"], "Andy Warhol Museum": ["147", "188", "61", "30", "129"], "Gibbes Museum of Art": ["8", "36", "8", "3", "14"], "The Children's Museum of the Upstate": ["154", "19", "2", "7", "16"], "The Ringling": ["902", "1,468", "161", "52", "855"], "Jekyll Island Museum": ["67", "87", "6", "2", "26"], "The Getty Villa": ["291", "427", "86", "11", "270"], "South Florida Science Center and Aquarium": ["98", "25", "7", "3", "15"], "Lizzadro Museum of Lapidary Art": ["25", "14", "2", "0", "13"], "Delta Flight Museum": ["30", "38", "20", "17", "24"], "Illinois Holocaust Museum & Education Center": ["35", "32", "14", "8", "26"], "Peterson Air & Space Museum": ["35", "25", "4", "0", "7"], "Indianapolis Motor Speedway Museum": ["424", "389", "111", "121", "347"], "Fort Worth Museum of Science & History": ["136", "40", "8", "7", "18"], "Virginia Aviation Museum": ["12", "14", "12", "1", "5"], "National Civil Rights Museum - Lorraine Motel": ["1,081", "1,582", "246", "148", "769"], "Children's Museum Tucson": ["79", "6", "3", "3", "3"], "Tillamook Air Museum": ["107", "166", "24", "3", "40"], "EAA AirVenture Museum": ["129", "76", "39", "21", "85"], "Museum of World Treasures": ["114", "69", "23", "16", "36"], "American Computer Museum": ["46", "44", "16", "4", "19"], "Museum of Ojibwa Culture": ["76", "73", "8", "1", "23"], "Biedenharn Coca-Cola Museum": ["56", "88", "15", "3", "17"], "Baker Heritage Museum": ["21", "42", "7", "3", "7"], "Columbia River Maritime Museum": ["259", "514", "41", "10", "100"], "New Bedford Whaling Museum": ["106", "147", "22", "12", "66"], "The DoSeum - San Antonio's Museum for Kids": ["229", "9", "3", "5", "6"], "Texas Civil War Museum": ["63", "59", "15", "6", "27"], "American Museum of Natural History": ["2,494", "1,844", "368", "69", "751"], "Harry S. Truman Library and Museum": ["183", "321", "64", "18", "108"], "The Museum @ Black Hills Institute": ["77", "35", "7", "3", "12"], "Bainbridge Island Museum of Art": ["23", "59", "15", "0", "32"], "Museum of Natural History": ["47", "67", "9", "1", "13"], "Cincinnati Art Museum": ["138", "160", "51", "21", "91"], "Joslyn Art Museum": ["138", "153", "55", "33", "71"], "Wrangell Museum": ["10", "37", "5", "6", "11"], "The Wolfsonian - Florida International University": ["29", "166", "34", "9", "47"], "Contemporary Jewish Museum": ["9", "36", "12", "3", "21"], "Atlanta History Center": ["204", "225", "56", "42", "149"], "Mel Fisher Maritime Heritage Museum": ["185", "475", "34", "7", "135"], "NRA National Firearms Museum": ["66", "64", "19", "5", "55"], "Michigan Military and Space Heroes Museum": ["56", "42", "4", "1", "7"], "Albuquerque Museum": ["54", "121", "40", "7", "54"], "Ogden Museum of Southern Art": ["51", "156", "52", "13", "60"], "North Museum of Nature and Science": ["30", "7", "1", "0", "4"], "The Petroleum Museum": ["37", "27", "13", "9", "15"], "Abbe Museum": ["57", "100", "15", "3", "20"], "Wing Luke Museum of the Asian Pacific American Experience": ["40", "51", "26", "9", "37"], "St. Petersburg Museum of History": ["16", "43", "13", "4", "12"], "Graveyard of the Atlantic Museum": ["115", "114", "10", "1", "36"], "Texas Ranger Hall of Fame and Museum": ["121", "161", "19", "8", "59"], "Tennessee State Museum": ["130", "157", "44", "23", "73"], "Bullock Texas State History Museum": ["466", "461", "93", "91", "246"], "Villa Zorayda Museum": ["37", "115", "18", "3", "43"], "American Jazz Museum": ["26", "51", "16", "12", "31"], "Valiant Air Command Warbird Museum": ["44", "73", "16", "4", "26"], "Creation Museum": ["398", "191", "29", "7", "69"], "University of Alaska Museum of the North": ["270", "553", "112", "24", "209"], "Madame Tussauds DC": ["194", "99", "23", "10", "73"], "Altoona Railroaders Memorial Museum": ["51", "44", "12", "5", "38"], "Museum of Fine Arts": ["68", "209", "49", "14", "118"], "Thinkery": ["140", "7", "1", "4", "4"], "The Bakken Museum": ["19", "18", "4", "2", "4"], "Intel Corp and Museum": ["28", "20", "15", "26", "9"], "North Carolina Museum of History": ["151", "174", "43", "21", "52"], "Japanese American National Museum": ["31", "17", "11", "6", "18"], "The Getty Center": ["1,784", "2,046", "538", "223", "1,618"], "State Museum of Pennsylvania": ["46", "42", "18", "7", "23"], "Worcester Art Museum": ["72", "92", "35", "9", "86"], "Tallahassee Museum": ["216", "74", "22", "12", "38"], "Danbury Railway Museum": ["35", "16", "7", "2", "11"], "Utah State Railroad Museum": ["19", "19", "2", "1", "7"], "Tread of Pioneers Museum": ["26", "38", "1", "0", "10"], "National Mississippi River Museum & Aquarium": ["415", "291", "30", "18", "73"], "Sedona Heritage Museum": ["13", "45", "7", "2", "12"], "Backstreet Cultural Museum": ["22", "96", "20", "3", "47"], "John Wayne Birthplace & Museum": ["37", "93", "18", "3", "31"], "State Historical Museum": ["34", "25", "11", "3", "16"], "Virginia Museum of Transportation": ["122", "128", "31", "14", "42"], "McLarty Treasure Museum": ["58", "52", "8", "0", "35"], "Berkshire Museum": ["55", "46", "8", "3", "22"], "Briscoe Western Art Museum": ["58", "152", "39", "26", "49"], "Connecticut River Museum": ["30", "45", "3", "0", "19"], "Adams Museum": ["95", "184", "16", "2", "51"], "The Franklin Institute": ["844", "265", "78", "33", "153"], "Nasher Museum of Art at Duke University": ["36", "43", "11", "7", "36"], "National Gallery of Art": ["1,382", "1,530", "609", "379", "764"], "Greenville County Museum of Art": ["20", "56", "14", "6", "16"], "Lyon Air Museum": ["19", "18", "11", "2", "16"], "Dr Pepper Museum": ["236", "145", "19", "8", "72"], "Mayborn Museum Complex": ["99", "21", "7", "4", "10"], "Pierce-Arrow Museum": ["20", "43", "10", "3", "32"], "Penrose Heritage Museum": ["28", "26", "7", "1", "18"], "University of Nebraska State Museum": ["49", "23", "11", "6", "10"], "Gerald R. Ford Museum": ["117", "219", "44", "35", "82"], "Hubbard Museum of the American West": ["23", "25", "1", "0", "8"], "Sternberg Museum of Natural History": ["69", "19", "12", "2", "9"], "Pensacola Lighthouse and Museum": ["372", "270", "45", "11", "105"], "Forney Museum of Transportation": ["67", "78", "31", "5", "35"], "Museum of American Speed": ["33", "42", "20", "10", "51"], "Maryhill Museum of Art": ["37", "115", "12", "1", "38"], "National Railroad Museum": ["90", "61", "17", "8", "19"], "Madame Tussauds - Las Vegas": ["523", "966", "59", "50", "412"], "Wheelwright Museum of the American Indian": ["28", "96", "26", "8", "50"], "Fort Lauderdale Antique Car Museum": ["34", "83", "17", "10", "34"], "Elvis Presley Birthplace & Museum": ["160", "313", "57", "23", "132"], "Liberty Aviation Museum": ["34", "50", "5", "6", "27"], "Cape Fear Museum": ["38", "36", "9", "4", "21"], "Richard H. Driehaus Museum": ["93", "317", "114", "39", "218"], "Alaska State Museum": ["52", "107", "23", "6", "28"], "Autry Museum of the American West": ["74", "81", "30", "8", "69"], "Smithsonian National Museum of Natural History": ["2,558", "1,439", "401", "222", "666"], "International Spy Museum": ["1,281", "551", "142", "60", "318"], "Palm Springs Art Museum": ["110", "412", "64", "11", "192"], "Oriental Institute Museum": ["84", "84", "45", "16", "74"], "Museum of Death": ["12", "40", "20", "3", "44"], "National Czech & Slovak Museum & Library": ["49", "64", "16", "6", "38"], "Elliott Museum": ["87", "112", "17", "4", "69"], "USS Midway Museum": ["4,035", "3,854", "711", "918", "1,422"], "Heritage Museums & Gardens": ["156", "222", "21", "0", "92"], "Museum of Fine Arts, Houston": ["322", "403", "143", "81", "292"], "Cradle of Aviation Museum": ["80", "35", "10", "9", "26"], "The Houston Museum of Natural Science": ["1,130", "531", "146", "134", "370"], "National Watch and Clock Museum": ["41", "73", "10", "1", "18"], "Columbia Museum of Art": ["30", "46", "26", "4", "34"], "International Civil Rights Center & Museum": ["170", "116", "48", "37", "110"], "Museum of the Moving Image": ["95", "69", "36", "3", "66"], "American Airpower Museum": ["30", "15", "9", "1", "8"], "Smithsonian American Art Museum": ["189", "203", "96", "45", "92"], "Ripley's Believe It or Not! Odditorium": ["607", "298", "13", "2", "47"], "Whitney Museum of American Art": ["212", "479", "187", "26", "324"], "Dwight D. Eisenhower Library and Museum": ["82", "210", "43", "9", "47"], "National Border Patrol Museum": ["35", "31", "15", "6", "13"], "The Mariners' Museum & Park": ["155", "160", "36", "10", "73"], "Philbrook Museum of Art": ["218", "200", "49", "39", "134"], "National Museum of the Great Lakes": ["44", "62", "14", "2", "11"], "Oklahoma Route 66 Museum": ["33", "93", "8", "1", "31"], "Smithsonian National Air and Space Museum Steven F. Udvar-Hazy Center": ["958", "506", "189", "79", "310"], "Long Beach Museum of Art": ["18", "22", "3", "4", "17"], "Orlando Museum of Art": ["17", "25", "8", "1", "14"], "The Field Museum": ["1,612", "1,217", "277", "158", "597"], "Sky City Cultural Center & Haak'u Museum": ["108", "263", "47", "5", "159"], "Center for Civil and Human Rights": ["223", "215", "101", "93", "191"], "Children's Discovery Museum": ["58", "3", "2", "1", "3"], "Arizona-Sonora Desert Museum": ["1,472", "1,654", "222", "111", "972"], "Children's Museum of Denver": ["203", "7", "3", "5", "9"], "Weisman Art Museum": ["25", "40", "13", "8", "33"], "Stax Museum of American Soul Music": ["222", "474", "72", "36", "214"], "North Carolina Museum of Art": ["212", "289", "90", "27", "208"], "Hollywood Star Cars Museum": ["382", "259", "15", "1", "38"], "The National 9/11 Memorial & Museum": ["8,913", "11,298", "1,688", "652", "5,866"], "Cape Ann Museum": ["15", "44", "7", "1", "20"], "Norton Simon Museum": ["101", "239", "90", "24", "137"], "National Geographic Museum": ["112", "110", "42", "18", "68"], "Indian Pueblo Cultural Center": ["222", "344", "77", "58", "214"], "The Hershey Story": ["504", "267", "24", "20", "92"], "Kansas Museum of History": ["49", "35", "11", "6", "25"], "T.T. Wentworth Jr. Florida State Museum": ["20", "23", "6", "0", "17"], "Wisconsin Maritime Museum": ["87", "107", "21", "6", "31"], "Colorado Railroad Museum": ["141", "72", "18", "5", "37"], "Minnesota Marine Art Museum": ["38", "130", "16", "8", "52"], "West Point Museum": ["78", "76", "21", "5", "31"], "John Wesley Powell River History Museum": ["16", "51", "8", "2", "18"], "Arabia Steamboat Museum": ["361", "336", "62", "43", "240"], "Old Sacramento": ["453", "432", "103", "122", "270"], "North Carolina Maritime Museum": ["172", "194", "22", "5", "56"], "Appleton Museum of Art": ["39", "69", "18", "5", "38"], "Civil War Museum": ["51", "30", "13", "3", "26"], "Children's Museum of Virginia": ["112", "5", "2", "4", "5"], "Fairbanks Museum and Planetarium": ["35", "31", "8", "3", "6"], "New York City Fire Museum": ["40", "35", "8", "1", "17"], "John Wesley Powell Museum": ["22", "42", "7", "0", "18"], "Elverhoj Museum": ["16", "21", "3", "2", "19"], "Baltimore Museum of Industry": ["59", "37", "15", "9", "20"], "Sharpsteen Museum": ["10", "43", "2", "1", "11"], "DAR Museum": ["18", "28", "27", "9", "25"], "The Museum of Modern Art (MoMA)": ["1,180", "1,577", "624", "123", "899"], "The Museum of Flight": ["1,227", "1,053", "264", "191", "555"], "Florida Holocaust Museum": ["69", "101", "30", "8", "36"], "Museum of Aviation": ["153", "81", "30", "18", "44"], "Hollywood Wax Museum": ["64", "32", "8", "1", "28"], "Lane Motor Museum": ["129", "194", "30", "20", "82"], "MIT Museum": ["94", "60", "27", "17", "32"], "Tank Museum": ["53", "15", "11", "0", "15"], "Road To Tara Museum": ["24", "32", "15", "0", "20"], "The Met Cloisters": ["521", "799", "309", "88", "650"], "Galveston Island Railroad Museum and Terminal": ["130", "111", "19", "7", "28"], "East Texas Oil Museum": ["36", "26", "7", "2", "18"], "U.S. Army Transportation Museum": ["47", "32", "11", "5", "14"], "Cosmosphere": ["155", "77", "26", "11", "36"], "Memorial Hall Confederate Civil War Museum": ["43", "126", "39", "6", "31"], "Leepa-Rattner Museum of Art": ["13", "19", "4", "0", "20"], "Hampton Roads Naval Museum": ["17", "21", "10", "4", "5"], "Gettysburg Museum & Visitor Center": ["1,133", "1,433", "144", "44", "408"], "Wisconsin Veterans Museum": ["40", "44", "19", "8", "25"], "Tucson Museum of Art and Historic Block": ["10", "47", "22", "1", "32"], "Carnegie Museum of Art": ["79", "93", "36", "11", "49"], "San Francisco Railway Museum": ["9", "19", "15", "1", "6"], "Norman Rockwell Museum": ["183", "680", "50", "6", "216"], "Museum of Biblical Art": ["18", "32", "15", "8", "25"], "The Manassas Museum": ["16", "27", "9", "0", "17"], "New York Transit Museum": ["153", "125", "67", "2", "68"], "Crystal Bridges Museum of American Art": ["536", "1,069", "134", "93", "555"], "Evergreen Aviation & Space Museum": ["286", "334", "53", "13", "126"], "Wells Fargo History Museum": ["16", "36", "5", "1", "20"], "McKenna Children's Museum": ["86", "7", "1", "1", "5"], "Revs Institute for Automotive Research, Inc.": ["36", "92", "11", "8", "57"], "Petersen Automotive Museum": ["223", "195", "84", "25", "147"], "Museum of Idaho": ["57", "40", "17", "3", "17"], "Museum Hack DC": ["31", "54", "31", "13", "87"], "Commemorative Air Force Museum": ["64", "89", "18", "6", "42"], "Nevada Museum of Art": ["36", "68", "19", "3", "34"], "Titanic Museum Attraction": ["2,642", "1,747", "82", "37", "495"], "Chazen Museum of Art": ["34", "45", "29", "11", "35"], "Perez Art Museum Miami": ["146", "182", "58", "37", "157"], "Lowe Art Museum": ["9", "21", "4", "2", "8"], "Racine Art Museum": ["16", "12", "6", "0", "9"], "Buffalo Bill Center of the West": ["712", "1,138", "104", "31", "320"], "Walton's Mountain Museum": ["37", "59", "9", "1", "19"], "SCAD Museum of Art": ["24", "49", "9", "2", "25"], "Historic Jamestowne": ["1,287", "1,187", "111", "32", "334"], "B.B. King Museum and Delta Interpretive Center": ["16", "75", "12", "3", "26"], "Lake Placid Olympic Museum": ["152", "172", "13", "6", "44"], "Science Museum of Virginia": ["120", "37", "5", "5", "19"], "Ah-Tah-Thi-Ki Museum": ["23", "30", "3", "2", "13"], "Children's Museum of Indianapolis": ["1,604", "141", "47", "61", "141"], "Vizcaya Museum and Gardens": ["600", "922", "182", "78", "591"], "LSU Rural Life Museum": ["57", "58", "12", "12", "38"], "Calvert Marine Museum and Drum Point Lighthouse": ["87", "74", "10", "7", "34"], "Veterans Memorial Museum": ["89", "127", "9", "5", "35"], "Asian Art Museum": ["129", "267", "119", "36", "168"], "LeMay - America's Car Museum": ["164", "211", "45", "21", "162"], "Hill Aerospace Museum": ["146", "69", "30", "17", "43"], "Discovery Park of America": ["147", "45", "5", "3", "26"], "Portland Children's Museum": ["143", "12", "5", "3", "11"], "Mobile Museum of Art": ["16", "19", "5", "1", "14"], "Witte Museum": ["97", "52", "15", "3", "30"], "USS Constitution Museum": ["713", "755", "106", "71", "286"], "Nevada State Museum": ["61", "93", "24", "3", "31"], "Rodin Museum": ["138", "271", "93", "45", "139"], "Park City Museum": ["98", "101", "14", "6", "62"], "Chicago Children's Museum": ["215", "3", "4", "2", "10"], "Oregon Museum of Science and Industry": ["508", "178", "49", "36", "105"], "The Aviation Museum of Kentucky": ["34", "13", "10", "3", "11"], "Henry Morrison Flagler Museum": ["103", "325", "48", "12", "165"], "National Museum of Mathematics": ["109", "17", "6", "2", "11"], "Mississippi River Museum at Mud Island": ["36", "49", "7", "3", "13"], "The Whale Museum": ["148", "194", "28", "4", "68"], "Mingei International Museum": ["9", "23", "16", "1", "13"], "Motorcyclepedia Museum": ["20", "28", "6", "1", "30"], "Museum of Science and Industry": ["487", "117", "21", "11", "63"], "Children\u2019s Museum of Phoenix": ["286", "28", "6", "10", "20"], "National Museum of Mexican Art": ["12", "20", "18", "2", "24"], "Boston Children's Museum": ["353", "18", "5", "10", "8"], "Science Museum Oklahoma": ["310", "37", "7", "9", "28"], "David J. Sencer CDC Museum": ["14", "14", "3", "3", "7"], "Palm Springs Art Museum in Palm Desert": ["23", "55", "3", "3", "31"], "Edgar Allan Poe Museum": ["61", "87", "20", "6", "31"], "Museum of Osteology": ["350", "138", "28", "22", "66"], "New Orleans City Park": ["647", "1,100", "165", "92", "518"], "Museum Hack": ["209", "287", "128", "55", "410"], "National Mining Hall of Fame & Museum": ["56", "83", "13", "1", "22"], "The Blanton Museum of Art": ["58", "67", "38", "11", "52"], "National Mustard Museum": ["70", "95", "20", "4", "56"], "Arizona Science Center": ["273", "73", "23", "20", "45"], "Collier County Museum": ["15", "35", "3", "1", "20"], "Frontiers of Flight Museum": ["72", "49", "19", "11", "25"], "de Young Museum": ["209", "369", "130", "40", "221"], "James A. Michener Art Museum": ["27", "69", "15", "3", "47"], "Amelia Island Museum of History": ["66", "154", "29", "5", "39"], "Marco Island Historical Museum": ["42", "92", "8", "2", "38"], "Portland Art Museum": ["102", "222", "88", "20", "119"], "Toledo Museum of Art": ["160", "182", "59", "16", "127"], "Mississippi Museum of Art": ["17", "22", "13", "3", "22"], "Maine Maritime Museum": ["68", "193", "20", "7", "39"], "Oz Museum": ["75", "66", "14", "2", "28"], "Fort Sumter National Monument": ["610", "959", "80", "20", "272"], "Natural History Museum of Los Angeles County": ["265", "132", "42", "10", "73"], "The Rockwell Museum": ["63", "139", "9", "6", "27"], "Jell-O Gallery Museum": ["35", "34", "1", "1", "23"], "Musical Instrument Museum": ["876", "1,037", "201", "87", "737"], "Ohr-O'Keefe Museum of Art": ["38", "72", "13", "5", "27"], "Wings Over the Rockies Air & Space Museum": ["123", "73", "29", "14", "41"], "National Building Museum": ["120", "76", "46", "16", "43"], "Denver Art Museum": ["380", "591", "196", "128", "329"], "Meadows Museum": ["19", "29", "13", "4", "25"], "Fort Pitt Museum": ["30", "35", "13", "2", "19"], "Jewish Museum of Florida - FIU": ["49", "115", "29", "5", "67"], "C.M. Russell Museum": ["44", "113", "31", "9", "32"], "Glazer Children's Museum": ["164", "9", "2", "4", "11"], "Cleveland Museum of Art": ["434", "626", "166", "65", "394"], "Telfair Museums Telfair Academy": ["60", "167", "20", "4", "53"], "Columbus Museum": ["41", "22", "6", "3", "15"], "Muscle Car City Museum": ["78", "123", "24", "3", "93"], "Las Vegas Natural History Museum": ["40", "28", "11", "2", "6"], "National Postal Museum": ["180", "129", "81", "26", "50"], "Rocky Statue": ["274", "234", "78", "46", "146"], "Springfield Museums": ["94", "48", "22", "4", "32"], "Madame Tussauds Hollywood": ["435", "290", "64", "5", "180"], "Wadsworth Atheneum Museum of Art": ["49", "84", "33", "19", "48"], "Madame Tussauds Orlando": ["383", "193", "21", "13", "79"], "New Orleans Pharmacy Museum": ["62", "166", "42", "16", "88"], "Burpee Museum of Natural History": ["51", "19", "2", "4", "5"], "Los Alamos Historical Museum": ["24", "81", "12", "3", "22"], "Anderson-Abruzzo International Balloon Museum": ["98", "137", "25", "14", "71"], "The National Quilt Museum": ["71", "206", "44", "9", "127"], "Reading Public Museum": ["54", "22", "13", "6", "20"], "Billy the Kid Museum": ["25", "53", "12", "3", "7"], "Cedar Key Historical Society Museum": ["30", "131", "8", "3", "24"], "Rubin Museum of Art": ["23", "45", "35", "3", "47"], "National Museum of Civil War Medicine": ["49", "94", "31", "9", "54"], "Washington State History Museum": ["39", "43", "11", "3", "19"], "The History Museum": ["10", "31", "3", "4", "19"], "Norton Museum of Art": ["84", "135", "41", "11", "103"], "Pony Express Museum": ["63", "84", "15", "3", "18"], "The Money Museum": ["98", "61", "24", "7", "26"], "National Museum of the United States Navy": ["25", "12", "11", "1", "8"], "National Museum of American Jewish History": ["164", "221", "72", "35", "116"], "The Hollywood Museum": ["113", "105", "40", "5", "60"], "National Naval Aviation Museum": ["1,569", "982", "168", "51", "414"], "Kokee Natural History Museum": ["7", "16", "1", "1", "7"], "Forest Park": ["546", "389", "120", "67", "284"], "Newark Museum": ["42", "27", "20", "6", "24"], "The Walmart Museum": ["234", "352", "60", "68", "174"], "Museum of Native American History": ["148", "260", "47", "17", "166"], "Sharlot Hall Museum": ["83", "192", "18", "4", "65"], "Barksdale Global Power Museum": ["40", "24", "17", "1", "12"], "Southern Museum of Civil War and Locomotive History": ["80", "55", "16", "6", "27"], "Richard Nixon Presidential Library and Museum": ["89", "121", "43", "13", "77"], "La Brea Tar Pits and Museum": ["641", "369", "108", "30", "206"], "Jamestown Settlement": ["1,152", "679", "54", "23", "179"], "Zippo / Case Museum": ["43", "72", "11", "9", "37"], "Museum of the Shenandoah Valley": ["62", "122", "25", "7", "42"], "South Carolina State Museum": ["141", "95", "24", "16", "42"], "The Grammy Museum": ["107", "105", "40", "22", "71"], "The Dali Museum": ["765", "1,587", "293", "118", "845"], "Museum of Arts and Design": ["24", "70", "35", "7", "53"], "Belz Museum of Asian & Judaic Art": ["31", "76", "16", "5", "25"], "Oakland Museum of California": ["100", "94", "30", "7", "87"], "The Journey Museum & Learning Center": ["77", "78", "17", "5", "34"], "Walt Disney Family Museum": ["463", "499", "130", "49", "264"], "Omaha Children's Museum": ["211", "16", "2", "3", "5"], "Brandywine River Museum of Art": ["59", "187", "20", "4", "104"], "Minneapolis Institute of Art": ["307", "386", "154", "43", "299"], "Senator John Heinz History Center": ["224", "240", "49", "26", "132"], "Martin Auto Museum": ["11", "20", "3", "2", "14"], "Gangster Museum of America": ["91", "136", "12", "1", "51"], "Museum of The Weird": ["33", "32", "9", "2", "24"], "Bisbee Mining & Historical Museum": ["48", "134", "10", "6", "33"], "Texas Prison Museum": ["41", "42", "7", "6", "22"], "Peabody Museum of Archaeology and Ethnology": ["17", "18", "14", "1", "9"], "Campus Martius Museum": ["29", "21", "14", "3", "2"], "Levine Museum of the New South": ["78", "99", "29", "25", "71"], "Chihuly Garden and Glass": ["3,291", "5,222", "926", "564", "2,636"], "Musicians Hall of Fame and Museum": ["49", "113", "18", "9", "51"], "Ghost Town Museum": ["78", "38", "1", "0", "18"], "Museum of Transportation": ["107", "31", "7", "3", "22"], "New Museum": ["13", "31", "14", "6", "25"], "IL Route 66 Association Hall of Fame & Museum": ["31", "70", "9", "0", "29"], "Monterey Museum of Art - Pacific Street": ["10", "18", "11", "4", "2"], "Harvard Museum of Natural History": ["214", "123", "50", "16", "76"], "New Mexico Museum of Natural History and Science": ["186", "169", "41", "22", "57"], "Bass Museum of Art": ["8", "33", "18", "5", "16"], "USS Silversides Submarine Museum": ["81", "46", "7", "4", "17"], "Vulcan Park and Museum": ["211", "181", "38", "44", "114"], "Taft Museum of Art": ["46", "59", "32", "7", "52"], "The Haggin Museum": ["24", "16", "10", "2", "24"], "California State Railroad Museum": ["630", "356", "82", "84", "203"], "911 Ground Zero Tour": ["724", "1,057", "131", "39", "477"], "Northeastern Nevada Museum": ["14", "26", "9", "1", "15"], "Loretta Lynn's Ranch": ["71", "117", "17", "2", "45"], "Buffalo Bill Grave and Museum": ["187", "223", "27", "20", "94"], "Salt and Pepper Shaker Museum": ["89", "126", "9", "0", "34"], "Southwest Florida Museum of History": ["25", "50", "10", "1", "17"], "Maritime and Seafood Industry Museum": ["23", "37", "6", "2", "13"], "Penn Museum": ["59", "70", "24", "9", "41"], "Nelson-Atkins Museum of Art": ["459", "534", "135", "88", "344"], "Palm Springs Air Museum": ["233", "403", "65", "20", "169"], "Mud Island River Park": ["181", "234", "22", "11", "80"], "Warther Museum": ["53", "86", "10", "6", "49"], "Wright Museum of WWII": ["38", "57", "8", "1", "26"], "Deming Luna Mimbres Museum": ["33", "67", "17", "3", "23"], "Laura Ingalls Wilder Historic Home and Museum": ["98", "71", "16", "1", "25"], "The Museum at Bethel Woods": ["46", "135", "10", "3", "58"], "Museum of the Earth": ["35", "22", "7", "0", "8"], "The Eiteljorg Museum": ["126", "148", "43", "73", "86"], "Memphis Rock 'n' Soul Museum": ["232", "654", "84", "23", "223"], "Klondike Gold Rush National Historical Park": ["128", "222", "53", "5", "73"], "Historic Arkansas Museum": ["37", "34", "9", "5", "14"], "Confederate Museum": ["25", "97", "11", "2", "20"], "Old Slave Mart Museum": ["127", "300", "53", "9", "90"], "Negro Leagues Baseball Museum": ["147", "151", "61", "50", "109"], "Witch Dungeon Museum": ["113", "119", "17", "7", "67"], "Zwaanendael Museum": ["24", "39", "7", "1", "14"], "New Orleans Museum of Art": ["99", "192", "49", "22", "110"], "Merry-Go-Round Museum": ["65", "47", "8", "3", "15"], "Glenn H. Curtiss Museum": ["55", "169", "15", "4", "43"], "The Baker Museum": ["8", "27", "3", "3", "16"], "National Route 66 Museum": ["42", "90", "20", "1", "23"], "The Walters Art Museum": ["219", "260", "115", "50", "141"], "Evansville Museum of Arts, History & Science": ["32", "21", "9", "1", "6"], "Marietta Museum of History": ["18", "19", "7", "0", "16"], "Benjamin Franklin Museum": ["95", "69", "31", "3", "29"], "The Museum of Western Art": ["23", "110", "16", "6", "47"], "Maine Lighthouse Museum": ["20", "77", "7", "1", "21"], "World of Chocolate Museum and Cafe": ["156", "159", "28", "4", "82"], "Hillwood Museum & Gardens": ["118", "213", "46", "34", "223"], "National Cryptologic Museum": ["23", "26", "18", "5", "15"], "Pima Air & Space Museum": ["641", "838", "207", "95", "468"], "Cable Car Museum": ["489", "755", "135", "56", "215"], "City Museum": ["2,338", "410", "55", "104", "373"], "Fountainhead Antique Auto Museum": ["97", "248", "33", "16", "100"], "Museum of Science and History": ["136", "63", "8", "7", "29"], "American Visionary Art Museum": ["248", "284", "66", "37", "231"], "Coastal Discovery Museum": ["291", "234", "16", "6", "94"], "Mid-America Science Museum": ["210", "38", "3", "4", "16"], "Route 66 Mother Road Museum": ["18", "42", "10", "2", "10"], "Chihuly Collection": ["199", "478", "69", "27", "290"], "Buffalo Soldiers National Museum": ["13", "23", "12", "1", "14"], "Balboa Park": ["1,637", "1,970", "422", "259", "882"], "Arizona Museum of Natural History": ["98", "36", "5", "3", "25"], "The National Museum of Nuclear Science & History": ["178", "201", "54", "20", "78"], "Ocean City Life-Saving Station Museum": ["118", "55", "11", "1", "28"], "Rhode Island School of Design Museum of Art": ["112", "167", "54", "26", "106"], "National Infantry Museum and Soldier Center": ["708", "196", "82", "45", "150"], "Williams College Museum of Art": ["19", "72", "13", "3", "24"], "Illinois State Museum": ["112", "41", "15", "6", "20"], "U.S. Space and Rocket Center": ["716", "299", "97", "92", "169"], "Pratt Museum": ["46", "117", "21", "3", "43"], "Oklahoma City Museum of Art": ["93", "121", "45", "24", "100"], "21c Museum Hotel": ["39", "55", "15", "16", "31"], "Naval Air Station Wildwood Aviation Museum": ["261", "153", "23", "4", "59"], "America on Wheels Museum": ["71", "67", "12", "5", "29"], "The Strong National Museum of Play": ["798", "95", "23", "17", "76"], "Museum of the City of New York": ["65", "156", "71", "6", "79"], "Akta Lakota Museum": ["40", "59", "12", "2", "15"], "Auburn Cord Duesenberg Automobile Museum": ["49", "111", "39", "6", "51"], "Noguchi Museum": ["10", "26", "11", "2", "19"], "Silent Wings Museum": ["29", "34", "23", "9", "17"], "Seattle Art Museum": ["144", "282", "120", "29", "126"], "New Mexico Museum of Space History": ["124", "102", "20", "3", "24"], "John F Kennedy Hyannis Museum": ["127", "221", "29", "6", "74"], "History Colorado Center": ["99", "112", "35", "21", "52"], "Smithsonian Institution Building": ["891", "668", "160", "127", "289"], "National Museum of Women in the Arts": ["18", "44", "30", "11", "40"], "Franklin G. Burroughs - Simeon B. Chapin Art Museum": ["46", "65", "16", "3", "39"], "Gallatin History Museum": ["13", "17", "9", "0", "10"], "Abraham Lincoln Presidential Library and Museum": ["923", "891", "130", "70", "356"], "George Eastman Museum": ["145", "179", "46", "28", "119"], "Jim Gatchell Memorial Museum": ["16", "39", "5", "5", "9"], "Indianapolis Museum of Art": ["228", "264", "88", "52", "151"], "Legion of Honor": ["216", "392", "121", "40", "228"], "Charles H. Wright Museum of African American History": ["42", "24", "19", "13", "27"], "Amon Carter Museum of American Art": ["68", "130", "24", "17", "58"], "Laws Railroad Museum": ["56", "60", "10", "4", "14"], "Texas Maritime Museum": ["34", "46", "6", "1", "7"], "SKELETONS: Animals Unveiled": ["155", "98", "15", "7", "47"], "Penske Racing Museum": ["42", "65", "15", "9", "30"], "Cornell Fine Arts Museum": ["8", "36", "4", "1", "8"], "Smoki Museum": ["8", "40", "8", "3", "10"], "Harvard Art Museums": ["36", "58", "29", "3", "34"], "Art Institute of Chicago": ["2,759", "4,064", "1,421", "829", "2,452"], "Kirkland Museum of Fine & Decorative Art": ["23", "102", "35", "14", "45"], "South Florida Museum and Bishop Planetarium": ["171", "129", "19", "4", "83"], "World's Largest Toy Museum": ["177", "135", "9", "3", "18"], "U.S. Veterans Memorial Museum": ["59", "25", "19", "7", "25"], "Cooper Hewitt, Smithsonian Design Museum": ["42", "71", "31", "3", "31"], "History Museum of Mobile": ["39", "55", "14", "7", "18"], "Museum of Northern Arizona": ["80", "148", "35", "1", "45"], "Bellevue Arts Museum (BAM)": ["13", "29", "19", "7", "27"], "Tongass Historical Museum": ["14", "38", "6", "1", "12"], "National Museum of Wildlife Art": ["246", "511", "67", "20", "173"], "Nantucket Shipwreck & Lifesaving Museum": ["27", "40", "5", "1", "19"], "Edison & Ford Winter Estates": ["627", "1,122", "101", "26", "579"], "New Mexico History Museum": ["139", "452", "65", "32", "120"], "Michael C. Carlos Museum": ["63", "33", "16", "5", "29"], "Millicent Rogers Museum": ["60", "215", "36", "5", "102"], "Bishop Museum": ["381", "530", "113", "39", "190"], "Dr. Seuss National Memorial Sculpture Garden": ["101", "52", "14", "6", "23"], "Historic Pensacola Village": ["75", "81", "9", "6", "31"], "Glore Psychiatric Museum": ["40", "52", "9", "1", "28"], "Rosa Parks Library and Museum": ["99", "112", "29", "20", "52"], "Erie Canal Museum": ["54", "69", "14", "9", "33"], "Potter's Wax Museum": ["127", "134", "9", "4", "37"], "Charleston Museum": ["96", "236", "32", "7", "66"], "The National Archives Museum": ["683", "496", "141", "60", "188"], "MOAS - Museum of Arts and Sciences": ["84", "66", "10", "4", "38"], "George Bush Presidential Library and Museum": ["175", "200", "46", "22", "96"], "The Bailey-Matthews National Shell Museum": ["365", "336", "30", "2", "80"], "Milwaukee Art Museum": ["333", "470", "126", "67", "323"], "Charles M. Schulz Museum": ["200", "229", "37", "12", "85"], "Tellus Science Museum": ["194", "41", "10", "7", "25"], "aSHEville Museum": ["11", "33", "11", "1", "19"], "Cantor Arts Center": ["60", "58", "33", "13", "75"], "Virginia Holocaust Museum": ["65", "81", "22", "12", "39"], "Silver City Museum": ["26", "66", "13", "4", "21"], "Lucy Desi Center For Comedy": ["59", "112", "22", "3", "60"], "Panhandle-Plains Historical Museum": ["91", "106", "11", "13", "40"], "Titan Missile Museum": ["143", "235", "68", "3", "126"], "Old Red Museum": ["35", "64", "30", "11", "32"], "Pearl Harbor / WW II Valor in the Pacific National Monument": ["1,891", "2,728", "287", "106", "846"], "Strasburg Rail Road": ["661", "327", "24", "4", "88"], "Stuhr Museum of the Prairie Pioneer": ["52", "38", "10", "4", "13"], "Temecula Museum": ["12", "20", "3", "0", "10"], "Reynolda House Museum of American Art": ["74", "104", "24", "11", "76"], "Nevada State Railroad Museum": ["66", "54", "18", "4", "14"], "Fort Collins Museum of Discovery": ["89", "23", "7", "4", "12"], "Destin History & Fishing Museum": ["29", "30", "7", "3", "9"], "Missouri History Museum": ["121", "128", "31", "7", "75"], "Vesterheim": ["36", "39", "11", "2", "6"], "National Civil War Naval Museum": ["83", "80", "25", "17", "42"], "Culinary Arts Museum": ["15", "33", "4", "1", "21"], "Baltimore Museum of Art": ["101", "131", "53", "28", "92"], "Estrella Warbird Air Museum": ["29", "39", "5", "2", "23"], "John F. Kennedy Presidential Museum & Library": ["469", "711", "147", "113", "336"], "Mark Twain Boyhood Home and Museum": ["144", "210", "27", "5", "49"], "Museum of the Confederacy-Appomattox": ["34", "71", "17", "1", "19"], "Studebaker National Museum": ["75", "91", "30", "12", "63"], "Mid-Hudson Children's Museum": ["53", "5", "1", "1", "3"], "Armstrong Air & Space Museum": ["55", "47", "15", "3", "11"], "Gilmore Car Museum": ["66", "127", "33", "1", "62"], "Los Angeles Museum of the Holocaust": ["30", "20", "9", "3", "15"], "Fire Museum of Memphis": ["30", "26", "3", "4", "8"], "Museum of the Everglades": ["44", "90", "8", "4", "30"], "Peabody Essex Museum": ["244", "426", "92", "26", "235"], "Boca Raton Museum of Art": ["34", "65", "15", "7", "45"], "Discovery Center Museum": ["137", "13", "1", "4", "9"], "Fort Monroe's Casemate Museum": ["88", "78", "22", "9", "48"], "Washington County Museum of Fine Arts": ["18", "36", "9", "1", "17"], "Museum at Prairiefire": ["76", "21", "1", "5", "18"], "Turquoise Museum": ["14", "68", "19", "3", "22"], "The Lightner Museum": ["278", "784", "41", "15", "227"], "Dallas Holocaust Museum": ["69", "63", "28", "6", "42"], "Nasher Sculpture Center": ["116", "143", "48", "39", "139"], "Vero Beach Museum of Art": ["55", "99", "24", "10", "61"], "Columbus Museum of Art": ["61", "70", "29", "14", "43"], "Charles H. MacNider Art Museum": ["7", "28", "2", "3", "11"], "Saint Louis Art Museum": ["246", "260", "71", "25", "127"], "National Automobile Museum": ["209", "373", "73", "62", "170"], "Tenement Museum": ["1,030", "1,193", "340", "96", "760"], "Museum of Glass": ["169", "235", "47", "24", "157"], "Kentucky Derby Museum": ["478", "575", "84", "119", "307"], "Gilcrease Museum": ["133", "166", "41", "27", "94"], "Children's Museum of Winston-Salem": ["103", "4", "0", "2", "8"], "U.S. Air Force Space & Missile Museum": ["19", "42", "10", "2", "12"], "Mint Museum Uptown": ["59", "90", "29", "25", "52"], "Shangri La": ["101", "216", "53", "10", "110"], "Museum of the West": ["21", "17", "4", "4", "4"], "International Towing and Recovery Museum": ["33", "39", "13", "9", "14"], "The Tech Museum of Innovation": ["217", "62", "32", "42", "66"], "Galena / Jo Daviess County Historical Society and Museum": ["29", "107", "5", "0", "27"], "New York State Museum": ["206", "132", "51", "32", "89"], "San Diego Air & Space Museum": ["126", "112", "36", "8", "39"], "The Mark Twain House & Museum": ["181", "275", "59", "27", "177"], "The Holocaust Museum & Education Center of Southwest Florida": ["28", "68", "12", "4", "34"], "Savannah History Museum": ["72", "119", "14", "3", "19"], "The Leonardo Museum": ["51", "32", "12", "6", "18"], "San Juan County Historical Society": ["18", "34", "4", "0", "12"], "San Diego Museum of Art": ["16", "55", "26", "0", "18"], "Corpus Christi Museum of Science and History": ["84", "42", "4", "6", "17"], "Carolinas Aviation Museum": ["147", "93", "38", "15", "48"], "Colorado Springs Pioneers Museum": ["77", "56", "15", "5", "36"], "Railroad Museum of Pennsylvania": ["255", "186", "22", "1", "48"], "The National WWII Museum": ["2,970", "6,224", "822", "774", "2,419"], "Great Lakes Shipwreck Museum": ["170", "228", "23", "0", "46"], "Boot Hill Museum": ["145", "216", "30", "15", "40"], "Christ in the Smokies Museum & Gardens": ["144", "165", "13", "1", "31"], "Motown Museum": ["208", "303", "80", "42", "256"], "Southern Museum of Flight": ["46", "19", "8", "6", "16"], "Charles Hosmer Morse Museum of American Art": ["108", "380", "70", "12", "212"], "Morris Museum": ["33", "21", "10", "1", "17"], "Holocaust Museum Houston": ["159", "119", "53", "25", "91"], "Carnegie Museum of Natural History": ["380", "217", "57", "37", "118"], "Dallas Museum of Art": ["258", "287", "132", "95", "210"], "Harland Sanders Cafe and Museum": ["107", "86", "17", "6", "22"], "El Paso Museum of Art": ["27", "28", "14", "8", "21"], "Shelburne Museum": ["154", "306", "28", "5", "87"], "Salem Witch Museum": ["417", "451", "65", "10", "240"], "Museum of the Plains Indian": ["42", "81", "11", "1", "23"], "World Erotic Art Museum (WEAM)": ["9", "82", "28", "2", "43"], "Brooklyn Museum": ["126", "173", "107", "10", "197"], "Geneva Lake Museum of History": ["29", "35", "5", "0", "11"], "The Durham Museum": ["201", "160", "56", "39", "71"], "Riverfront Museum": ["70", "33", "12", "5", "20"], "Mississippi Children's Museum": ["145", "14", "1", "6", "7"], "Sea Glass Museum": ["39", "96", "15", "0", "24"], "Bennington Museum": ["17", "111", "15", "1", "25"], "Museum of Natural and Cultural History": ["15", "12", "9", "0", "14"], "ESSE Purse Museum": ["14", "21", "14", "3", "38"], "Ackland Art Museum": ["16", "13", "14", "5", "11"], "National Museum of American History": ["882", "751", "209", "96", "284"], "Pacific Tsunami Museum": ["52", "148", "21", "2", "39"], "The Nethercutt Collection": ["108", "133", "38", "10", "129"], "Jupiter Inlet Lighthouse & Museum": ["153", "200", "43", "4", "104"], "DeWitt Wallace Decorative Arts Museum": ["111", "171", "19", "3", "56"], "Madame Tussauds New York": ["775", "566", "90", "20", "375"], "Santa Barbara Museum of Art": ["37", "141", "33", "3", "48"], "Hank Williams Museum": ["31", "56", "14", "6", "15"], "High Desert Museum": ["475", "359", "39", "14", "139"], "Ouray County Museum": ["20", "60", "8", "0", "16"], "Erotic Heritage Museum, Las Vegas": ["3", "52", "10", "2", "15"], "The Neon Museum": ["310", "1,050", "165", "54", "470"], "Air Mobility Command Museum": ["171", "122", "29", "11", "73"], "The National Atomic Testing Museum": ["162", "345", "88", "22", "129"], "San Diego Automotive Museum": ["34", "43", "14", "1", "14"], "National Museum of the American Indian": ["59", "88", "49", "2", "50"], "Augusta Museum of History": ["46", "49", "8", "11", "19"], "National Portrait Gallery": ["459", "569", "222", "138", "288"], "Civil War Medical Museum": ["28", "37", "4", "2", "18"], "Wichita Art Museum": ["29", "16", "11", "4", "16"], "Perot Museum of Nature and Science": ["1,025", "370", "97", "89", "290"], "Jackson Hole Museum": ["27", "40", "9", "2", "3"], "The Clark Art Institute": ["116", "417", "35", "7", "153"], "Buffalo Bill Museum": ["50", "85", "7", "2", "24"], "Mothman Museum": ["35", "47", "5", "2", "22"], "Maritime Museum of San Diego": ["293", "291", "84", "44", "95"], "Crocker Art Museum": ["129", "171", "73", "25", "154"], "Mennello Museum of American Art": ["1", "12", "6", "0", "3"], "New Orleans Historic Voodoo Museum": ["49", "106", "12", "2", "65"], "Biodiversity Institute & Natural History Museum": ["28", "10", "4", "1", "12"], "Georgia O'Keeffe Museum": ["392", "1,234", "211", "67", "592"], "Pin Point Heritage Museum": ["52", "124", "19", "8", "43"], "White Sands Missile Range": ["62", "102", "23", "19", "28"], "National Motorcycle Museum": ["11", "40", "14", "4", "21"], "California Automobile Museum": ["43", "65", "18", "7", "27"], "Mercer Museum": ["66", "75", "13", "5", "57"], "Denver Museum of Nature & Science": ["1,031", "467", "137", "74", "291"], "Lynchburg Museum": ["16", "20", "7", "2", "8"], "San Francisco Museum of Modern Art (SFMOMA)": ["80", "159", "83", "11", "80"], "Museum of Indian Arts & Culture": ["71", "237", "55", "13", "76"], "Tampa Bay History Center": ["67", "115", "26", "17", "64"], "Frist Center for Visual Arts": ["126", "171", "55", "33", "109"], "1940 Air Terminal Museum": ["24", "21", "15", "7", "20"], "Art Car Museum": ["28", "18", "6", "2", "19"], "National Museum of the Marine Corps": ["197", "157", "45", "22", "99"], "Tallahassee Antique Car Museum": ["83", "96", "19", "12", "60"], "Dayton Art Institute": ["64", "54", "22", "11", "30"], "First Division Museum at Cantigny": ["53", "22", "4", "1", "17"], "Franklin Museum": ["11", "31", "5", "1", "17"], "Muhammad Ali Center": ["137", "204", "51", "62", "119"], "Automobile Driving Museum": ["13", "18", "10", "2", "15"], "San Antonio Fire Museum": ["49", "41", "10", "8", "14"], "Idaho Potato Museum": ["37", "63", "7", "1", "7"], "San Antonio Museum of Art": ["96", "178", "57", "34", "77"], "St. Augustine Lighthouse & Maritime Museum": ["1,026", "1,579", "86", "16", "440"], "Henry B. Plant Museum": ["74", "143", "27", "14", "79"], "Philadelphia Museum of Art": ["873", "1,119", "383", "193", "733"], "Asheville Art Museum": ["15", "19", "6", "3", "11"], "Bradbury Science Museum": ["106", "212", "28", "8", "56"], "Chudnow Museum of Yesteryear": ["34", "69", "12", "5", "54"], "Tate Geological Museum": ["25", "13", "8", "7", "8"], "National World War I Museum and Memorial": ["849", "841", "205", "165", "509"], "Princeton University Art Museum": ["78", "98", "46", "19", "80"], "Abby Aldrich Rockefeller Folk Art Museum": ["129", "198", "9", "4", "53"], "Stafford Air & Space Museum": ["36", "27", "10", "3", "11"], "Hunter Museum of American Art": ["82", "157", "18", "8", "41"], "Frankenmuth Historical Museum": ["48", "47", "4", "2", "12"], "Antique Automobile Club of America Museum": ["160", "160", "23", "15", "63"], "Estes Park Museum": ["27", "38", "10", "3", "16"], "Ogunquit Museum of American Art": ["44", "164", "16", "3", "40"], "International UFO Museum and Research Center": ["433", "473", "97", "17", "149"], "Children's Museum of Manhattan": ["87", "2", "0", "3", "1"], "National Museum of the Pacific War": ["368", "801", "84", "18", "245"], "Grand Rapids Public Museum": ["182", "104", "27", "17", "41"], "Lyman Museum": ["36", "58", "8", "1", "19"], "History of Diving Museum": ["132", "181", "26", "8", "70"], "Baltimore and Ohio Railroad Museum": ["172", "121", "33", "22", "65"], "Oregon Historical Society Museum": ["36", "81", "32", "7", "26"], "Children's Museum of Houston": ["710", "50", "11", "28", "49"], "Children's Museum of Pittsburgh": ["232", "18", "2", "7", "17"], "Jefferson Historical Museum": ["24", "67", "2", "0", "14"], "Simeone Foundation Automotive Museum": ["52", "43", "23", "3", "29"], "Sacramento History Museum": ["19", "25", "9", "4", "9"], "Kentucky Horse Park": ["535", "402", "69", "53", "238"], "Museum of Making Music": ["76", "67", "6", "3", "23"], "Rock and Roll Hall of Fame and Museum": ["1,238", "1,826", "279", "210", "884"], "Santa Barbara Maritime Museum": ["33", "60", "6", "5", "15"], "Seattle Center": ["207", "262", "62", "18", "84"], "Draper Natural History Museum": ["34", "48", "3", "3", "11"], "Jack Sisemore Traveland RV Museum": ["73", "138", "12", "4", "26"], "Ocean Star Offshore Drilling Rig & Museum": ["160", "195", "27", "17", "62"], "Museum of the Rockies": ["387", "265", "57", "15", "87"], "Cleveland Museum of Natural History": ["138", "74", "24", "7", "28"], "Sarasota Classic Car Museum": ["55", "96", "9", "3", "46"], "National Museum of the U.S. Air Force": ["1,013", "540", "217", "96", "402"], "Kauai Museum": ["53", "153", "13", "1", "24"], "American Museum of Science & Energy": ["94", "77", "14", "9", "35"], "Buford Pusser Home and Museum": ["5", "21", "10", "0", "8"], "Ann Arbor Hands-On Museum": ["174", "20", "1", "4", "11"], "New England Air Museum": ["73", "27", "20", "9", "7"], "GulfQuest National Maritime Museum of the Gulf of Mexico": ["45", "46", "8", "3", "23"], "Mohave Museum of History and Arts": ["14", "35", "6", "3", "11"], "Ellis Island": ["658", "729", "119", "16", "367"], "San Diego Model Railroad Museum": ["100", "71", "23", "4", "28"], "Superstition Mountain Museum": ["46", "76", "17", "2", "48"], "Please Touch Museum": ["567", "37", "14", "13", "53"], "McClung Museum of Natural History and Culture": ["48", "20", "10", "2", "19"], "NSU Art Museum": ["21", "70", "20", "6", "48"], "Morikami Museum & Japanese Gardens": ["195", "365", "64", "8", "265"]}