{"Musical Museum": ["217", "36", "3", "0", "2"], "Museum of Natural History (Museum d'Histoire naturelle)": ["89", "59", "24", "3", "2"], "National Football Museum": ["878", "594", "228", "57", "33"], "Escher in Het Paleis (Escher in the Palace)": ["552", "267", "33", "7", "2"], "Djurgarden": ["767", "337", "39", "3", "1"], "Zuiderzee Museum (Zuiderzeemuseum)": ["156", "56", "5", "0", "0"], "American Museum of Natural History": ["3,767", "1,810", "897", "342", "142"], "Pink Palace Museum": ["183", "157", "72", "10", "5"], "Sinebrychoff Art Museum": ["13", "15", "7", "0", "0"], "Museo Soumaya": ["275", "119", "61", "14", "12"], "Danubiana Meulensteen Art Museum": ["78", "21", "2", "2", "2"], "Jewish Historical Museum": ["262", "129", "51", "15", "3"], "Sapporo Beer Museum": ["61", "99", "38", "6", "3"], "Nordiska museet": ["164", "180", "78", "29", "15"], "High Museum of Art": ["815", "416", "120", "26", "7"], "Museum Boijmans Van Beuningen": ["175", "107", "22", "3", "1"], "Museum of the Rockies": ["681", "222", "55", "6", "0"], "Canada Aviation and Space Museum": ["459", "260", "61", "6", "5"], "FITO Museum": ["190", "124", "32", "10", "3"], "Mutter Museum": ["525", "397", "134", "29", "18"], "Mucha Museum": ["213", "229", "73", "28", "16"], "Choco-Story - The Chocolate Museum": ["206", "433", "377", "136", "62"], "National Archaeological Museum of Naples": ["995", "498", "221", "58", "35"], "The Metropolitan Museum of Art": ["17,483", "2,870", "503", "94", "48"], "Bata Shoe Museum": ["278", "266", "81", "18", "3"], "Fram Polar Ship Museum": ["1,312", "684", "106", "21", "5"], "Apartheid Museum": ["1,668", "765", "173", "40", "23"], "Granet Museum": ["138", "106", "45", "7", "2"], "Musee Miniature et Cinema": ["348", "169", "24", "2", "0"], "Frazier History Museum": ["288", "144", "54", "10", "1"], "Leonardo da Vinci Museum": ["67", "44", "18", "13", "6"], "Uffizi Gallery": ["5,380", "2,126", "854", "219", "96"], "Whitby Museum": ["349", "124", "19", "8", "2"], "BenCab Museum": ["324", "238", "52", "7", "6"], "Clink Prison Museum": ["327", "318", "155", "68", "47"], "Prado National Museum": ["7,707", "2,416", "593", "87", "41"], "New York Transit Museum": ["318", "177", "35", "2", "5"], "Landis Valley Museum": ["115", "79", "21", "2", "4"], "Jimmy Carter Library & Museum": ["400", "219", "46", "2", "9"], "Musee de Cluny - Musee National du Moyen Age": ["786", "324", "67", "16", "2"], "Indian Museum (Jadu Ghar)": ["162", "145", "82", "23", "17"], "Pirates of Nassau Museum": ["242", "345", "163", "39", "15"], "Wheels Through Time Transportation Museum": ["873", "84", "14", "2", "7"], "Oklahoma City National Memorial & Museum": ["2,577", "264", "44", "3", "2"], "Frontiers of Flight Museum": ["124", "85", "18", "3", "3"], "Little Prince Museum": ["26", "23", "10", "4", "0"], "Ipoh World at Han Chin Pet Soo": ["273", "150", "8", "2", "1"], "Boston Tea Party Ships & Museum": ["2,281", "817", "207", "46", "24"], "Heard Museum": ["1,183", "373", "80", "15", "6"], "House of Terror Museum": ["1,725", "1,039", "531", "205", "105"], "Airborne and Special Operations Museum": ["555", "86", "8", "2", "1"], "Museum of London Docklands": ["341", "166", "37", "6", "2"], "Pergamon Museum": ["3,395", "1,273", "445", "125", "60"], "Joyeria Caribe Museum & Factory": ["206", "83", "20", "7", "3"], "The Gordon Highlanders Museum": ["295", "87", "14", "2", "0"], "Automobile Driving Museum": ["46", "18", "5", "0", "2"], "Smithsonian Institution Building": ["1,942", "555", "196", "43", "5"], "Fitzwilliam Museum": ["1,199", "455", "71", "21", "6"], "EMP Museum": ["1,855", "1,128", "507", "179", "55"], "Shinyokohama Ramen Museum": ["68", "82", "39", "27", "7"], "Barber Vintage Motorsports Museum": ["574", "75", "10", "4", "2"], "Palace of Tears": ["428", "197", "34", "2", "2"], "Moderna Museet - Stockholm": ["193", "168", "74", "13", "5"], "The National War Museum": ["372", "201", "42", "7", "4"], "Hong Kong Maritime Museum": ["98", "82", "17", "2", "0"], "Institute of Texan Cultures": ["181", "86", "22", "4", "1"], "Mel Fisher Maritime Heritage Museum": ["488", "352", "129", "43", "13"], "Egyptian Museum of Turin": ["684", "246", "64", "15", "4"], "Currier Museum of Art": ["257", "125", "9", "1", "3"], "Arizona Route 66 Museum": ["165", "135", "36", "3", "3"], "Israel Museum": ["1,735", "284", "41", "10", "4"], "Golden Gate Park": ["3,731", "1,398", "314", "56", "31"], "Football Museum": ["222", "154", "40", "4", "2"], "Missouri Civil War Museum": ["381", "85", "12", "2", "1"], "Mimara Museum": ["34", "21", "13", "9", "1"], "Galicia Jewish Museum": ["173", "73", "19", "4", "2"], "National Corvette Museum": ["969", "480", "126", "13", "4"], "Van Gogh Museum": ["10,643", "4,537", "1,294", "234", "112"], "Topography of Terror": ["3,800", "1,713", "318", "57", "15"], "Volvo Museum": ["119", "114", "23", "6", "1"], "Cupnoodles Museum": ["126", "132", "44", "11", "0"], "National Museum of the Mighty Eighth Air Force": ["501", "99", "12", "3", "2"], "Dokumentationszentrum Reichsparteitagsgelaende": ["675", "243", "59", "9", "2"], "National Technical Museum": ["173", "95", "30", "5", "2"], "The Eiteljorg Museum": ["385", "155", "33", "8", "2"], "Hash Marihuana & Hemp Museum": ["52", "51", "37", "22", "14"], "Balboa Park": ["4,837", "1,337", "198", "38", "11"], "Peggy Guggenheim Collection": ["2,007", "802", "243", "88", "43"], "Rosicrucian Egyptian Museum": ["266", "172", "41", "11", "4"], "Sir John Soane's Museum": ["649", "200", "43", "15", "9"], "The Tank Museum": ["1,709", "410", "53", "6", "11"], "Miami Children's Museum": ["127", "97", "63", "36", "17"], "Museo del Templo Mayor": ["603", "206", "63", "7", "1"], "Norton Museum of Art": ["271", "162", "25", "3", "4"], "Ford's Theatre": ["1,794", "665", "163", "42", "12"], "South Tyrol Museum of Archaeology": ["271", "66", "8", "2", "1"], "Rahmi M. Koc Museum": ["71", "26", "11", "4", "0"], "The Museum of the Occupation of Latvia": ["401", "232", "66", "17", "8"], "The Broad": ["275", "85", "23", "7", "4"], "Glenbow Museum": ["263", "170", "37", "6", "5"], "Museum of Jewish Heritage": ["123", "45", "14", "1", "1"], "Museum Puri Lukisan": ["142", "134", "31", "6", "1"], "Sampoerna Museum": ["191", "224", "67", "2", "2"], "Newseum": ["4,666", "1,007", "227", "75", "28"], "Palm Springs Air Museum": ["790", "275", "33", "6", "2"], "The Viking Ship Museum": ["1,704", "1,224", "361", "54", "16"], "Reykjavik 871 +/- 2 The Settlement Exhibition": ["767", "563", "194", "25", "6"], "National Museum of World War II Aviation": ["375", "49", "7", "4", "2"], "The Submarine Force Museum": ["418", "142", "17", "0", "1"], "Museo Picasso": ["1,378", "1,115", "470", "101", "39"], "Fujiko F Fujio Museum": ["48", "27", "8", "0", "1"], "Antalya Muzesi": ["535", "175", "28", "5", "2"], "St. Fagans: National History Museum": ["3,349", "872", "182", "54", "28"], "Greenwich": ["1,364", "601", "88", "13", "7"], "Royal Signals Museum": ["54", "29", "1", "0", "4"], "Camp Nou": ["5,693", "2,368", "795", "186", "94"], "Vatican Museums": ["5,395", "2,166", "1,041", "456", "314"], "MIM - Musical Instruments Museum": ["702", "392", "136", "29", "11"], "Dennos Museum Center": ["68", "36", "8", "1", "1"], "Maritime Museum of the Atlantic": ["925", "645", "160", "21", "2"], "The Third Man Museum": ["247", "23", "4", "0", "0"], "Don Antonio Blanco Museum": ["269", "204", "88", "29", "23"], "The National Museum Bangkok": ["95", "93", "69", "24", "9"], "Ground Zero Museum Workshop": ["1,682", "215", "35", "19", "9"], "Utah Beach D-Day Museum": ["297", "87", "8", "2", "0"], "Nagasaki Atomic Bomb Museum": ["288", "153", "29", "0", "1"], "Delphi Archaeological Museum": ["423", "189", "24", "4", "3"], "MAS - Museum aan de Stroom": ["357", "301", "83", "27", "10"], "Titanic Museum": ["2,562", "956", "285", "62", "25"], "Canterbury Museum": ["675", "463", "69", "7", "1"], "POLIN Museum of the History of Polish Jews": ["611", "137", "36", "25", "9"], "California Science Center": ["1,405", "484", "117", "25", "6"], "Russian Vodka Museum": ["34", "41", "17", "12", "8"], "The Museum of Qin Terra-cotta Warriors and Horses": ["4,548", "972", "227", "47", "15"], "International Tsunami Museum": ["197", "311", "264", "78", "22"], "Museo Nazionale di Capodimonte": ["169", "74", "31", "11", "6"], "Heraklion Archaeological Museum": ["1,125", "317", "71", "24", "13"], "Beamish Museum": ["3,370", "831", "169", "65", "44"], "North Carolina Museum of Natural Sciences": ["1,053", "287", "40", "5", "2"], "Army Museum": ["1,161", "649", "168", "21", "13"], "Da Nang Museum of Cham Sculpture": ["126", "194", "105", "28", "8"], "National Museum of Natural Science": ["53", "56", "24", "2", "0"], "Amsterdam Museum": ["333", "335", "139", "36", "8"], "Edo-Tokyo Museum": ["361", "187", "43", "7", "1"], "Musee des Beaux-Arts": ["212", "161", "42", "6", "1"], "Pointe-a-Calliere Museum": ["417", "279", "64", "40", "10"], "South Dakota Air and Space Museum": ["285", "190", "34", "4", "2"], "The Henry Ford": ["2,233", "398", "52", "12", "11"], "Museum Island": ["1,628", "796", "158", "29", "8"], "Petit Palais, City of Paris Fine Art Museum": ["318", "172", "33", "4", "0"], "Bruges Beer Museum": ["256", "230", "103", "39", "9"], "Museum Ons'Lieve Heer Op Solder": ["832", "372", "52", "6", "4"], "Macao Museum": ["123", "163", "49", "5", "1"], "Lanyang Museum": ["38", "41", "19", "1", "1"], "Museum of Liverpool": ["2,462", "1,007", "236", "67", "32"], "University of Alaska Museum of the North": ["883", "369", "82", "11", "4"], "The Walters Art Museum": ["820", "166", "19", "2", "0"], "Polish Aviation Museum": ["194", "90", "13", "0", "0"], "Belvedere Palace Museum": ["2,112", "1,250", "307", "48", "22"], "Norway's Resistance Museum (Norges Hjemmefront Museum)": ["305", "212", "61", "7", "3"], "Harley-Davidson Museum": ["1,097", "462", "74", "11", "7"], "Macao Science Center": ["53", "42", "9", "6", "3"], "The Discovery Museum": ["596", "318", "59", "13", "12"], "Staedel Museum": ["342", "173", "34", "7", "3"], "The National Museum of Art, Osaka": ["6", "5", "4", "4", "1"], "Neanderthal Museum": ["28", "34", "7", "2", "0"], "Museum of Natural Sciences": ["201", "140", "29", "7", "1"], "Angkor National Museum": ["599", "490", "174", "37", "19"], "Skansen Open-Air Museum": ["1,577", "903", "368", "96", "39"], "Museum of Military History (Heeresgeschichtliches Museum)": ["288", "172", "31", "11", "4"], "Haus der Musik": ["226", "116", "62", "24", "21"], "Vasterbottens Museum": ["13", "15", "3", "0", "0"], "Musee Rodin": ["3,163", "1,243", "314", "56", "16"], "Niagara Falls History Museum": ["50", "29", "18", "2", "1"], "Canada's Penitentiary Museum": ["289", "146", "38", "4", "3"], "Crocker Art Museum": ["511", "163", "21", "4", "4"], "Chicago History Museum": ["331", "216", "55", "17", "5"], "Dorset County Museum": ["113", "104", "21", "5", "0"], "Kyoto International Manga Museum": ["48", "72", "46", "13", "4"], "NEMO Science Museum": ["536", "325", "131", "43", "21"], "Juno Beach Centre": ["276", "80", "21", "8", "2"], "Ayala Museum": ["237", "216", "45", "7", "5"], "Honolulu Museum of Art": ["448", "181", "32", "4", "0"], "National Museum of Ireland - Archaeology": ["1,906", "733", "136", "17", "8"], "Museum Berggruen": ["66", "33", "8", "1", "0"], "McNay Art Museum": ["437", "127", "26", "5", "4"], "Cincinnati Museum Center at Union Terminal": ["938", "341", "79", "17", "11"], "Museo Nazionale del Cinema": ["484", "189", "41", "13", "4"], "Netherlands Open-Air Museum and National Heritage Museum": ["265", "83", "12", "0", "2"], "Jean Tinguely Museum": ["100", "90", "30", "3", "2"], "Bahrain National Museum": ["331", "259", "53", "4", "1"], "Borghese Gallery": ["4,458", "853", "284", "88", "103"], "Whaling Museum": ["699", "178", "30", "14", "2"], "The Charles Dickens Museum": ["265", "165", "38", "14", "3"], "New Hampshire Boat Museum": ["32", "18", "3", "2", "1"], "Phoenix Art Museum": ["374", "181", "51", "11", "8"], "Kimbell Art Museum": ["779", "164", "20", "5", "2"], "The Changi Museum": ["908", "478", "109", "16", "9"], "Museum of Contemporary Art (MOCA)": ["285", "91", "27", "10", "6"], "Lamborghini Museum": ["102", "40", "23", "10", "4"], "Derby Museum and Art Gallery": ["183", "119", "27", "4", "2"], "Museo Picasso Malaga": ["607", "558", "255", "70", "19"], "Jewish Museum": ["819", "365", "204", "75", "63"], "Pacific Aviation Museum Pearl Harbor": ["479", "266", "108", "31", "5"], "Smithsonian National Air and Space Museum": ["7,593", "2,448", "771", "118", "30"], "National Civil War Museum": ["455", "167", "26", "6", "3"], "Egyptian Antiquities Museum": ["1,550", "615", "233", "75", "24"], "Moof Museum": ["47", "46", "19", "6", "0"], "Museum of Anthropology": ["1,472", "438", "106", "29", "3"], "Museum of International Folk Art": ["1,014", "234", "77", "17", "2"], "Viking Ship Museum": ["372", "162", "61", "16", "6"], "Museo del Baile Flamenco": ["477", "185", "75", "23", "17"], "California Academy of Sciences": ["1,999", "727", "274", "72", "61"], "Pinto Art Museum": ["141", "78", "13", "1", "1"], "Royal Tyrrell Museum": ["1,399", "290", "34", "10", "3"], "Castello Sforzesco": ["802", "675", "186", "23", "10"], "Pola Museum of Art": ["39", "20", "1", "1", "0"], "Wallace Collection": ["2,889", "773", "101", "26", "7"], "Virginia Museum of Fine Arts": ["1,481", "245", "22", "1", "5"], "National Underground Railroad Freedom Center": ["383", "140", "54", "22", "14"], "Jet Age Museum": ["230", "53", "7", "1", "0"], "Arbaer Open Air Museum": ["187", "90", "14", "0", "0"], "Chester Beatty Library": ["1,550", "447", "72", "15", "5"], "Otsuka Museum of Art": ["4", "6", "2", "0", "1"], "Thyssen-Bornemisza Museum (Museo Thyssen-Bornemisza)": ["2,425", "740", "155", "17", "7"], "American Sign Museum": ["265", "92", "23", "4", "0"], "Bait Al Zubair": ["189", "156", "34", "5", "3"], "Vietnam Military History Museum": ["203", "282", "156", "43", "11"], "Isabella Stewart Gardner Museum": ["1,111", "368", "138", "60", "22"], "The Exploratorium": ["1,308", "400", "107", "21", "5"], "Village Museum (Muzeul Satului)": ["968", "532", "153", "12", "4"], "Air Force Armament Museum": ["610", "189", "18", "0", "0"], "Gettysburg Museum & Visitor Center": ["2,931", "517", "109", "26", "22"], "St. Augustine Pirate & Treasure Museum": ["1,359", "557", "150", "20", "15"], "War Remnants Museum": ["5,925", "5,222", "1,469", "252", "136"], "Erotic Museum of Barcelona (Museu de l'Erotica)": ["140", "134", "55", "31", "28"], "Museum Prinsenhof Delft": ["55", "48", "13", "2", "1"], "The Cummer Museum of Art and Gardens": ["514", "190", "30", "2", "1"], "Czech Beer Museum": ["118", "48", "20", "7", "0"], "American Visionary Art Museum": ["771", "227", "67", "15", "14"], "Icelandic Phallological Museum": ["114", "263", "226", "52", "30"], "Designmuseum Danmark": ["148", "131", "61", "32", "36"], "Memorial of Caen": ["474", "144", "56", "21", "12"], "US Army Museum of Hawaii": ["769", "400", "68", "9", "1"], "Agung Rai Museum of Art (ARMA)": ["355", "197", "49", "10", "3"], "Museum of Discovery and Science": ["339", "195", "78", "24", "16"], "National Museum of Natural History": ["98", "66", "31", "6", "4"], "Museum of Sex": ["55", "98", "141", "114", "103"], "Motown Museum": ["799", "216", "56", "14", "6"], "Bronte Parsonage Museum": ["602", "294", "54", "17", "7"], "The Museum of Edinburgh": ["154", "130", "46", "4", "1"], "Solomon R. Guggenheim Museum": ["652", "495", "397", "277", "209"], "Holocaust Memorial Center": ["420", "151", "41", "13", "4"], "Pilgrim Monument & Provincetown Museum": ["548", "255", "49", "9", "3"], "Rene Magritte House Museum": ["268", "200", "71", "12", "5"], "Alte Pinakothek": ["440", "182", "65", "5", "2"], "Vietnamese Women's Museum": ["1,339", "836", "188", "22", "14"], "MARQ Provincial Archaeological Museum": ["67", "55", "16", "3", "4"], "Country Music Hall of Fame and Museum": ["4,457", "1,962", "602", "81", "18"], "Merseyside Maritime Museum": ["2,233", "1,006", "172", "20", "12"], "Museum of History & Industry": ["331", "152", "37", "3", "2"], "Okinawa Prefectural Museum & Art Museum": ["34", "28", "5", "1", "0"], "Mill City Museum": ["572", "285", "52", "6", "2"], "Chernobyl National Museum": ["66", "53", "23", "6", "2"], "The Mini Time Machine Museum of Miniatures": ["294", "95", "19", "10", "0"], "Osaka Museum of Housing and Living": ["72", "68", "28", "3", "1"], "Louisville Slugger Museum & Factory": ["2,485", "1,040", "192", "18", "6"], "Erawan Museum": ["135", "83", "19", "4", "0"], "Georgian National Museum": ["103", "90", "25", "3", "6"], "Frick Collection": ["4,209", "760", "121", "33", "21"], "Museum of Cycladic Art": ["311", "89", "11", "0", "0"], "Streetlife Museum of Transport": ["826", "302", "25", "0", "1"], "Museum of Prehistoric Thera": ["436", "290", "88", "17", "7"], "Wiltshire Museum": ["178", "55", "7", "0", "0"], "National Cowboy & Western Heritage Museum": ["946", "227", "46", "7", "6"], "Dubai Museum": ["1,054", "1,054", "408", "86", "30"], "Detroit Institute of Arts": ["1,499", "181", "24", "3", "0"], "Museo Casa Enzo Ferrari": ["242", "120", "22", "7", "3"], "Brama Poznania": ["21", "10", "1", "0", "1"], "Tel Aviv Museum of Art": ["485", "232", "51", "6", "1"], "The National Museum of Nuclear Science & History": ["391", "204", "44", "5", "2"], "Corning Museum of Glass": ["1,784", "383", "64", "12", "4"], "Andy Warhol Museum": ["354", "229", "90", "27", "17"], "V&A - Victoria and Albert Museum": ["10,307", "2,862", "560", "99", "40"], "The Children's Museum of the Upstate": ["172", "68", "16", "4", "1"], "The Ringling": ["3,295", "726", "123", "23", "63"], "The Beatles Story": ["2,000", "983", "350", "103", "59"], "South Australian Museum": ["427", "300", "63", "7", "3"], "Royal Museum of the Armed Forces and of Military History": ["370", "263", "74", "11", "1"], "National Museum Cardiff": ["971", "391", "85", "8", "8"], "Amsterdam Cheese Museum": ["167", "164", "56", "9", "5"], "Visvesvaraya Industrial and Technological Museum": ["505", "437", "111", "18", "5"], "Museo Maya de Cancun": ["453", "279", "74", "12", "5"], "Preston Park Museum & Grounds": ["367", "184", "23", "2", "2"], "Queen Sofia Arts Center (Museo Nacional Centro de Arte Reina Sofia)": ["1,606", "917", "358", "81", "48"], "The Great North Museum": ["279", "182", "59", "13", "3"], "Wine Museum Koutsoyannopoulos": ["157", "104", "31", "5", "8"], "National Civil Rights Museum - Lorraine Motel": ["3,511", "721", "160", "28", "15"], "Norwegian Museum of Technology": ["89", "51", "11", "1", "0"], "Museum of the Battle of Normandy": ["459", "255", "58", "7", "3"], "Baba & Nyonya Heritage Museum": ["563", "332", "67", "14", "10"], "Museum of World Treasures": ["185", "112", "25", "4", "1"], "The Bubblecar Museum": ["173", "44", "5", "1", "3"], "Columbia River Maritime Museum": ["830", "225", "26", "3", "2"], "Trickeye Museum": ["266", "253", "66", "10", "5"], "National Museum Negara": ["99", "155", "82", "13", "12"], "The Pen Museum": ["316", "122", "24", "2", "6"], "Imperial War Museum North": ["1,006", "616", "193", "80", "42"], "Forum Marinum Maritime Centre": ["29", "22", "3", "2", "0"], "The Army Museum": ["63", "43", "11", "1", "0"], "Hospital in the Rock Nuclear Bunker Museum": ["1,018", "491", "93", "27", "2"], "Venetian Glass Museum": ["36", "32", "8", "3", "2"], "Museo Nazionale Romano - Palazzo Massimo alle Terme": ["512", "149", "30", "5", "8"], "The Railway Museum": ["46", "19", "5", "2", "0"], "Hermitage Amsterdam": ["363", "279", "83", "38", "13"], "Anne Frank House": ["14,994", "4,892", "1,367", "361", "202"], "Oskar Schindler's Factory": ["3,359", "1,629", "669", "172", "72"], "Phuket Trickeye Museum": ["311", "185", "31", "5", "3"], "STEAM Museum of the Great Western Railway": ["597", "267", "38", "9", "5"], "National Museum of Scotland": ["6,428", "2,016", "433", "93", "35"], "Yitzhak Rabin Center": ["234", "67", "6", "0", "0"], "Museo di Castelvecchio": ["273", "197", "58", "9", "5"], "Museo de la Evolucion Humana": ["69", "20", "8", "2", "1"], "Itchiku Kubota Art Museum": ["60", "14", "3", "1", "2"], "Ogden Museum of Southern Art": ["230", "132", "37", "6", "3"], "Luxor Museum": ["461", "141", "44", "4", "3"], "Micropia": ["235", "61", "15", "5", "0"], "Army Museum Zizkov": ["72", "47", "9", "1", "0"], "Olympic Museum Lausanne (Musee Olympique)": ["389", "178", "47", "17", "4"], "Tennessee State Museum": ["294", "181", "34", "5", "1"], "Bullock Texas State History Museum": ["1,070", "446", "113", "31", "3"], "Gastronomy Museum Prague": ["71", "40", "10", "3", "5"], "Museum of Geology": ["142", "54", "13", "0", "0"], "National Museum of Korea": ["452", "275", "84", "14", "2"], "Creation Museum": ["706", "159", "65", "20", "45"], "The Polar Museum (Polarmuseet)": ["298", "436", "141", "19", "4"], "PUCRS Science and Technology Museum": ["42", "29", "3", "1", "0"], "Kroller-Muller Museum": ["322", "66", "12", "3", "0"], "Museum of Fine Arts": ["3,744", "773", "109", "20", "15"], "Frans Hals Museum": ["234", "90", "12", "2", "1"], "War Museum of Athens": ["51", "49", "10", "4", "1"], "Vindolanda": ["952", "224", "26", "7", "7"], "North Carolina Museum of History": ["342", "141", "26", "3", "2"], "Chhatrapati Shivaji Maharaj Vastu Sangrahalaya": ["194", "195", "45", "7", "4"], "Musee du quai Branly - Jacques Chirac": ["316", "143", "34", "17", "6"], "Children\u2019s Museum of Phoenix": ["343", "94", "29", "3", "3"], "Byzantine & Christian Museum": ["208", "69", "17", "4", "3"], "Nairobi National Museum": ["189", "273", "132", "20", "5"], "Museo Nazionale dell'Automobile": ["383", "146", "24", "5", "4"], "National Mississippi River Museum & Aquarium": ["672", "265", "81", "12", "5"], "Aga Khan Museum": ["220", "123", "32", "17", "3"], "Archaeological Museum of Rhodes (Hospital of the Knights)": ["404", "202", "47", "5", "1"], "The Blanton Museum of Art": ["137", "97", "43", "6", "0"], "Islamic Arts Museum": ["1,046", "569", "117", "22", "5"], "Peasant Museum (Muzeul Taranului Roman)": ["109", "82", "49", "25", "8"], "Darshan Museum": ["388", "83", "20", "7", "4"], "Natural History Museum": ["7,660", "2,926", "1,002", "266", "101"], "Briscoe Western Art Museum": ["225", "100", "18", "2", "2"], "Musee du Louvre": ["19,728", "7,243", "2,233", "498", "250"], "The Franklin Institute": ["1,045", "479", "187", "87", "50"], "Museu do Fado / Fado Museum": ["59", "42", "14", "7", "2"], "National Gallery of Art": ["4,381", "762", "136", "35", "13"], "Dr Pepper Museum": ["167", "249", "142", "45", "19"], "Kyoto National Museum": ["13", "17", "10", "6", "0"], "Senckenberg Natural History Museum (Naturmuseum Senckenberg)": ["151", "109", "27", "5", "1"], "Torpedo Bay Navy Museum": ["73", "53", "5", "1", "0"], "International Red Cross and Red Crescent Museum": ["146", "88", "28", "15", "13"], "Pensacola Lighthouse and Museum": ["587", "323", "64", "10", "7"], "Forney Museum of Transportation": ["162", "77", "22", "4", "3"], "Glasnevin Cemetery Museum": ["3,248", "662", "128", "12", "7"], "Precolumbian Gold Museum": ["406", "304", "99", "13", "4"], "Maryhill Museum of Art": ["167", "63", "10", "1", "2"], "Estonian Museum of Occupations": ["116", "122", "48", "14", "0"], "Madame Tussauds - Las Vegas": ["1,084", "997", "387", "87", "36"], "Casa Lis (Museum of Art Nouveau and Art Deco)": ["135", "62", "16", "4", "3"], "Fort Lauderdale Antique Car Museum": ["172", "57", "12", "0", "4"], "The War Memorial of Korea": ["1,337", "483", "80", "13", "2"], "21st Century Museum of Contemporary Art": ["86", "76", "45", "12", "6"], "National Museum": ["95", "116", "46", "11", "8"], "Museum of Islamic Art": ["1,673", "701", "172", "22", "14"], "The Little Museum of Dublin": ["2,321", "706", "164", "38", "15"], "Oceanographic Museum of Monaco": ["567", "295", "93", "28", "7"], "New Zealand Maritime Museum": ["340", "226", "36", "4", "1"], "International Spy Museum": ["1,320", "1,145", "560", "234", "112"], "Palm Springs Art Museum": ["676", "241", "39", "15", "8"], "Brno Technical Museum": ["30", "19", "6", "1", "0"], "Museo Andes 1972": ["129", "24", "2", "0", "2"], "National Mustard Museum": ["158", "127", "38", "6", "0"], "Sexmuseum Amsterdam Venustempel": ["330", "636", "505", "132", "79"], "BMW Museum": ["1,449", "826", "233", "39", "16"], "Museum of Fine Arts, Houston": ["1,068", "361", "60", "12", "7"], "Cradle of Aviation Museum": ["170", "75", "9", "6", "0"], "Airborne Museum Hartenstein": ["236", "68", "8", "1", "1"], "National Watch and Clock Museum": ["115", "51", "8", "1", "2"], "International Civil Rights Center & Museum": ["432", "107", "24", "14", "11"], "Museumplein": ["734", "669", "182", "15", "3"], "Aboca Museum": ["21", "2", "0", "0", "0"], "Smithsonian American Art Museum": ["575", "187", "48", "8", "3"], "National Railway Museum": ["7,531", "2,422", "450", "77", "40"], "Museo della Scienza e della Tecnologia Leonardo da Vinci": ["148", "79", "22", "8", "3"], "Albert Hall Museum": ["257", "300", "143", "31", "3"], "Powerhouse Museum": ["330", "247", "86", "29", "9"], "National Mall": ["2,323", "725", "288", "89", "22"], "Whitney Museum of American Art": ["882", "383", "158", "53", "28"], "Hong Kong Museum of History": ["1,244", "595", "71", "10", "4"], "Dwight D. Eisenhower Library and Museum": ["316", "111", "36", "3", "2"], "Lyme Regis Philpot Museum": ["166", "81", "17", "1", "0"], "Museo dell'Ara Pacis": ["46", "46", "27", "11", "7"], "The Mariners' Museum & Park": ["427", "105", "8", "0", "1"], "The MAD Museum": ["563", "185", "31", "14", "6"], "Sex Machines Museum": ["41", "95", "112", "29", "21"], "Museo Cerralbo": ["265", "79", "17", "4", "3"], "John F Kennedy Hyannis Museum": ["199", "189", "103", "40", "7"], "Museu del Modernisme": ["39", "16", "6", "2", "0"], "National Archaeological Museum": ["1,706", "506", "141", "32", "20"], "The Field Museum": ["2,931", "1,278", "427", "102", "30"], "Museum Bank Indonesia": ["128", "131", "33", "5", "0"], "Palace of the Grand Dukes of Lithuania, National Museum": ["67", "43", "22", "3", "1"], "Museo de los Ninos": ["69", "17", "5", "1", "2"], "Arktikum": ["155", "145", "42", "10", "1"], "Stax Museum of American Soul Music": ["786", "311", "77", "15", "2"], "Deutsches Museum": ["1,268", "518", "244", "66", "26"], "The National 9/11 Memorial & Museum": ["26,207", "4,354", "984", "240", "140"], "Museumsufer": ["85", "37", "4", "0", "1"], "Saga Museum": ["201", "329", "139", "43", "11"], "The Hershey Story": ["598", "346", "128", "27", "12"], "Stedelijk Museum Amsterdam": ["422", "276", "133", "52", "18"], "Titanic Belfast": ["6,421", "2,596", "1,020", "317", "194"], "Canadian Warplane Heritage Museum": ["454", "164", "24", "5", "2"], "Museum of Broken Relationships": ["887", "517", "171", "50", "33"], "The White House and Museum of the Confederacy": ["484", "274", "76", "20", "7"], "Arabia Steamboat Museum": ["1,025", "251", "39", "8", "5"], "Museum Angkut": ["191", "172", "28", "3", "3"], "State Russian Museum": ["411", "130", "29", "4", "3"], "Museo dell'Olio d'Oliva": ["16", "19", "5", "1", "0"], "Museo del Vidrio y Cristal de Malaga": ["574", "81", "11", "3", "1"], "Baltimore Museum of Industry": ["100", "65", "14", "2", "0"], "DAR Museum": ["82", "34", "8", "3", "0"], "Museum of Art (Kunsthaus Zurich)": ["445", "193", "28", "8", "2"], "Rietberg Museum": ["89", "27", "12", "2", "0"], "The Museum of Modern Art (MoMA)": ["3,454", "1,291", "450", "155", "97"], "Smithsonian National Museum of Natural History": ["4,158", "1,577", "524", "104", "27"], "Jardin Majorelle": ["5,340", "2,961", "1,250", "318", "116"], "London Transport Museum": ["502", "514", "189", "47", "36"], "Lennusadam Seaplane Harbour": ["628", "230", "39", "3", "2"], "Hollywood Wax Museum": ["340", "259", "98", "31", "10"], "Lane Motor Museum": ["389", "135", "17", "2", "0"], "Medieval Museum": ["87", "98", "14", "2", "1"], "Queen Sirikit Museum of Textiles": ["122", "90", "40", "7", "1"], "The Met Cloisters": ["2,133", "637", "113", "21", "5"], "National Media Museum": ["595", "305", "68", "19", "16"], "Hungarian National Museum (Magyar Nemzeti Muzeum)": ["169", "168", "59", "20", "5"], "Grevin Museum": ["56", "62", "40", "19", "6"], "Leopold Museum": ["461", "194", "63", "13", "5"], "The Swedish Air Force Museum": ["96", "32", "2", "0", "0"], "Thackray Medical Museum": ["291", "196", "56", "11", "5"], "Historical Museum of Crete": ["146", "99", "16", "0", "1"], "Museum of Communism": ["282", "370", "166", "77", "27"], "Carnegie Museum of Art": ["215", "99", "27", "3", "1"], "The Buckhorn Saloon and Texas Ranger Museum": ["269", "229", "106", "53", "12"], "Norman Rockwell Museum": ["1,031", "294", "43", "13", "1"], "Catavento Cultural e Educacional": ["57", "35", "5", "1", "0"], "Red Light Secrets - Museum of Prostitution": ["272", "265", "104", "24", "13"], "Tuol Sleng Genocide Museum": ["3,338", "1,823", "394", "62", "28"], "Crystal Bridges Museum of American Art": ["2,473", "278", "49", "15", "11"], "Evergreen Aviation & Space Museum": ["776", "194", "24", "14", "11"], "Wells Fargo History Museum": ["73", "49", "6", "3", "1"], "Revs Institute for Automotive Research, Inc.": ["208", "13", "2", "2", "0"], "The Camera Museum": ["198", "198", "70", "9", "4"], "Adachi Museum of Art": ["48", "10", "1", "0", "0"], "Holmenkollen Ski Museum and Ski Jump Tower": ["772", "555", "125", "18", "1"], "Creative Discovery Museum": ["476", "140", "47", "15", "8"], "Palmach Museum": ["537", "100", "26", "8", "2"], "Bob Marley Museum": ["323", "165", "76", "24", "14"], "Vasa Museum": ["7,826", "2,032", "293", "38", "14"], "Titanic Museum Attraction": ["4,285", "1,344", "422", "90", "56"], "Perez Art Museum Miami": ["332", "201", "79", "35", "9"], "The Museum of Witchcraft": ["510", "172", "57", "10", "7"], "Buffalo Bill Center of the West": ["2,278", "266", "45", "4", "9"], "Walton's Mountain Museum": ["76", "53", "17", "8", "7"], "Museo Correr": ["167", "150", "75", "12", "6"], "Australian Museum": ["210", "211", "87", "23", "9"], "Musei Capitolini": ["388", "191", "64", "15", "13"], "Tillamook Air Museum": ["184", "122", "70", "21", "23"], "DDR Museum": ["622", "683", "279", "103", "46"], "Museum of Native American History": ["627", "78", "8", "2", "0"], "Hong Kong Science Museum": ["176", "156", "67", "13", "3"], "Children's Museum of Indianapolis": ["2,068", "433", "124", "23", "5"], "Munch Museum": ["290", "220", "132", "63", "29"], "Vizcaya Museum and Gardens": ["1,983", "822", "158", "29", "9"], "Memorial of the Berlin Wall": ["3,266", "1,545", "314", "40", "20"], "Museo del Greco": ["125", "127", "44", "9", "1"], "Fukui Dinosaur Museum": ["20", "8", "0", "0", "0"], "Asian Art Museum": ["618", "254", "43", "7", "5"], "Museum of Science": ["1,298", "484", "206", "64", "39"], "The Royal Air Force Museum London": ["1,426", "421", "84", "9", "2"], "Mori Art Museum": ["176", "85", "22", "4", "4"], "Wallraf-Richartz Museum": ["113", "54", "16", "3", "2"], "Mercedes-Benz Museum": ["1,613", "366", "48", "10", "6"], "District Six Museum": ["443", "322", "99", "30", "6"], "Pitt Rivers Museum": ["1,542", "475", "81", "17", "3"], "Rodin Museum": ["477", "230", "50", "9", "3"], "Oregon Museum of Science and Industry": ["637", "338", "121", "31", "11"], "Kelham Island Museum": ["252", "140", "21", "4", "3"], "Grevin Praha": ["55", "43", "19", "2", "1"], "Museo Chileno de Arte Precolombino": ["377", "134", "25", "2", "9"], "Musee Matisse": ["158", "175", "159", "77", "28"], "Hooge Crater museum": ["238", "143", "24", "7", "1"], "Museum of Science and Industry": ["341", "274", "177", "90", "80"], "Musee de la Civilisation": ["452", "292", "104", "26", "10"], "State Aviation Museum": ["48", "23", "5", "0", "0"], "Boston Children's Museum": ["342", "172", "47", "16", "13"], "The Salisbury Museum": ["111", "53", "7", "2", "1"], "Waikato Museum": ["71", "66", "20", "3", "2"], "Ashmolean Museum of Art and Archaeology": ["2,143", "775", "121", "27", "12"], "Museum of Osteology": ["712", "135", "23", "3", "2"], "Museum Hack": ["1,125", "33", "5", "1", "3"], "National Institute of Archaeology with Museum": ["101", "51", "16", "1", "0"], "Jewish Museum in Prague": ["651", "284", "109", "69", "35"], "Musee Picasso Paris": ["363", "221", "106", "49", "30"], "European Solidarity Centre": ["492", "123", "15", "3", "6"], "Aros Aarhus Kunstmuseum": ["375", "174", "32", "5", "4"], "Kunsthistorisches Museum": ["2,251", "532", "97", "14", "5"], "Albert Dock": ["5,154", "2,309", "417", "53", "24"], "City of the Arts and Sciences": ["1,112", "475", "150", "58", "22"], "Musee Marmottan": ["986", "284", "68", "17", "16"], "de Young Museum": ["747", "337", "86", "22", "28"], "Portland Art Museum": ["363", "252", "75", "11", "1"], "Toledo Museum of Art": ["622", "98", "13", "2", "1"], "Guggenheim Museum Bilbao": ["1,818", "783", "311", "95", "72"], "Technisches Museum": ["150", "53", "16", "3", "0"], "Red Star Line Museum": ["160", "63", "18", "4", "1"], "Australian National Maritime Museum": ["564", "334", "48", "17", "8"], "Nymphenburg Palace (Schloss Nymphenburg)": ["933", "639", "184", "25", "3"], "Natural History Museum of Los Angeles County": ["432", "193", "48", "0", "0"], "Musical Instrument Museum": ["3,127", "323", "38", "11", "5"], "Wings Over the Rockies Air & Space Museum": ["180", "171", "43", "9", "4"], "South Carolina State Museum": ["245", "113", "42", "12", "3"], "Erarta Museum and Galleries of Contemporary Art": ["144", "16", "7", "3", "3"], "The State Central Museum of Contemporary History of Russia": ["17", "25", "6", "4", "2"], "Samurai Museum": ["237", "96", "16", "5", "1"], "Pushkin State Museum of Fine Arts": ["208", "71", "52", "10", "2"], "Paper and Watermark Museum": ["20", "7", "1", "0", "0"], "Cleveland Museum of Art": ["1,766", "226", "30", "5", "4"], "Palacio del Marques de Dos Aguas": ["123", "58", "18", "2", "0"], "Museum and Crypt of Capuchins": ["567", "376", "87", "30", "21"], "Jade Museum": ["164", "109", "59", "7", "4"], "Pinang Peranakan Mansion": ["1,073", "651", "162", "26", "19"], "National Postal Museum": ["365", "174", "29", "3", "3"], "Museo Cappella Sansevero": ["817", "184", "54", "13", "15"], "Fashion Museum": ["392", "310", "114", "19", "12"], "Philips Museum": ["55", "66", "23", "4", "0"], "Musee des Blindes": ["107", "49", "9", "1", "0"], "Canadian War Museum": ["1,892", "550", "73", "14", "9"], "Speculum Alchemiae Museum": ["192", "76", "15", "6", "3"], "The National Quilt Museum": ["434", "60", "18", "4", "1"], "Train World": ["56", "15", "1", "1", "0"], "Louisiana Museum of Modern Art": ["633", "125", "34", "8", "3"], "Museu Europeu d'art Modern - MEAM": ["71", "24", "8", "6", "0"], "Bagatti Valsecchi Museum": ["34", "16", "2", "1", "0"], "Museum of Innocence": ["200", "64", "22", "3", "2"], "Fryderyk Chopin Museum": ["99", "82", "48", "27", "17"], "Coventry Transport Museum": ["1,714", "485", "84", "13", "9"], "National Naval Aviation Museum": ["3,641", "268", "22", "4", "2"], "Porsche Museum": ["711", "348", "121", "23", "3"], "The Walmart Museum": ["498", "392", "136", "11", "5"], "The Manchester Museum": ["801", "426", "79", "19", "8"], "Budapest Pinball Museum": ["307", "47", "10", "1", "0"], "Birmingham Museum & Art Gallery": ["1,260", "709", "130", "24", "12"], "National Museum of Anthropology (Museo Nacional de Antropologia)": ["3,175", "492", "62", "10", "5"], "Philbrook Museum of Art": ["631", "139", "13", "3", "0"], "La Brea Tar Pits and Museum": ["915", "640", "163", "15", "12"], "Zippo / Case Museum": ["148", "52", "7", "1", "0"], "Bastogne War Museum": ["274", "90", "15", "7", "2"], "Ny Carlsberg Glyptotek": ["961", "541", "138", "15", "6"], "The Dali Museum": ["3,354", "842", "237", "52", "29"], "Royal Aviation Museum of Western Canada": ["134", "68", "12", "2", "2"], "Zwinger": ["538", "252", "19", "2", "1"], "Musee d'Orsay": ["18,173", "3,925", "606", "114", "95"], "Tenement Museum": ["3,084", "828", "205", "83", "36"], "Museo Ferrari": ["315", "216", "104", "23", "15"], "Minneapolis Institute of Art": ["1,193", "206", "25", "7", "2"], "Musee d'Unterlinden (Under the Linden Trees)": ["114", "60", "13", "3", "0"], "Rocky Statue": ["420", "316", "226", "40", "25"], "Museu de Arte de Sao Paulo Assis Chateaubriand - MASP": ["209", "126", "59", "20", "8"], "Levine Museum of the New South": ["206", "129", "18", "4", "2"], "Chihuly Garden and Glass": ["11,105", "1,959", "351", "80", "33"], "Museum of Science & Industry": ["3,036", "1,331", "324", "81", "30"], "Fine Arts Museum (Kunstmuseum)": ["193", "96", "17", "2", "1"], "National Museum of the Marine Corps": ["681", "32", "5", "2", "1"], "Audi Museum": ["107", "53", "11", "1", "0"], "Kon-Tiki Museum": ["603", "504", "144", "15", "5"], "Chrysler Museum of Art": ["489", "94", "13", "2", "1"], "National Museum - National Gallery": ["531", "408", "92", "12", "4"], "Astra National Museum Complex": ["238", "59", "13", "6", "3"], "Harvard Museum of Natural History": ["396", "196", "36", "7", "3"], "Chocolate Museum": ["476", "536", "278", "78", "31"], "International Maritime Museum": ["158", "82", "14", "2", "0"], "In Flanders Fields Museum": ["1,184", "365", "116", "39", "8"], "Folklore Museum": ["274", "154", "45", "3", "5"], "Schweine-Museum": ["28", "24", "11", "3", "0"], "Royal Albert Memorial Museum": ["534", "211", "37", "24", "7"], "National Aviation Museum (Aviodrome)": ["26", "23", "4", "2", "0"], "KGB Museum": ["668", "238", "51", "24", "36"], "Nezu Museum": ["113", "45", "13", "2", "2"], "Museo de Arte Popular": ["243", "46", "14", "5", "0"], "Nelson-Atkins Museum of Art": ["1,627", "293", "35", "1", "3"], "Kumu Art Museum": ["213", "119", "21", "4", "1"], "Wright Museum of WWII": ["146", "22", "3", "0", "1"], "Franz Kafka Muzeum": ["174", "138", "71", "14", "15"], "Muzej Nikole Tesle (Nikola Tesla Museum)": ["329", "167", "80", "22", "5"], "Museum Het Rembrandthuis (Rembrandt House)": ["1,189", "739", "182", "44", "8"], "Hungarian Natural History Museum": ["9", "8", "5", "2", "2"], "Neka Art Museum": ["233", "172", "50", "3", "2"], "Musee des Arts Decoratifs": ["133", "78", "22", "9", "2"], "Rijksmuseum": ["10,061", "3,733", "920", "194", "77"], "Memphis Rock 'n' Soul Museum": ["807", "440", "139", "28", "8"], "The Jewish Museum of Greece": ["39", "22", "6", "0", "0"], "Museo Galileo - Institute and Museum of the History of Science": ["515", "254", "96", "20", "7"], "Istanbul Archaeological Museums": ["1,162", "543", "186", "46", "12"], "Dali Theatre-Museum (Teatro-Museo Dali)": ["916", "271", "92", "45", "19"], "Old Slave Mart Museum": ["269", "258", "108", "45", "19"], "Musee Jacquemart-Andre": ["802", "260", "33", "13", "6"], "National Tile Museum": ["598", "313", "52", "7", "2"], "New Orleans Museum of Art": ["297", "216", "54", "9", "4"], "Museum of Eroticism (Musee de l'Erotisme)": ["35", "45", "33", "14", "6"], "Czar PRL - Life under Communism Museum": ["48", "28", "6", "0", "0"], "CR7 Museum": ["128", "107", "39", "10", "11"], "Solent Sky Museum": ["261", "113", "24", "4", "3"], "Croke Park Stadium Tour & GAA Museum": ["1,289", "264", "25", "2", "4"], "German National Museum of Contemporary History": ["106", "39", "10", "4", "0"], "Harwood Museum of Art": ["77", "39", "8", "9", "1"], "Pima Air & Space Museum": ["2,092", "502", "86", "11", "3"], "Cable Car Museum": ["1,161", "715", "126", "11", "4"], "The David Collection": ["351", "94", "14", "3", "2"], "Museo del Novecento": ["106", "57", "23", "3", "0"], "Mona": ["2,421", "806", "416", "213", "299"], "Museo de la Memoria y los Derechos Humanos": ["716", "232", "51", "11", "17"], "Coastal Discovery Museum": ["441", "213", "49", "7", "5"], "Cincinnati Art Museum": ["432", "164", "17", "3", "0"], "Rotorua Museum": ["501", "331", "74", "14", "5"], "State Hermitage Museum and Winter Palace": ["5,488", "1,006", "204", "45", "29"], "Melbourne Museum": ["1,562", "805", "156", "33", "19"], "Det Hanseatiske Museum og Schoetstuene": ["176", "168", "44", "9", "3"], "National Museum of Singapore": ["531", "449", "121", "35", "17"], "Kelvingrove Art Gallery and Museum": ["5,671", "1,780", "295", "37", "11"], "The Sixth Floor Museum/Texas School Book Depository": ["3,417", "1,344", "324", "65", "25"], "Fries Museum": ["11", "22", "7", "4", "0"], "Musee des Arts Forains": ["95", "16", "5", "1", "1"], "Museo de Antioquia": ["235", "138", "30", "4", "0"], "Gaziantep Zeugma Mosaic Museum": ["243", "39", "0", "0", "0"], "National Infantry Museum and Soldier Center": ["1,304", "111", "6", "2", "0"], "Illinois State Museum": ["142", "75", "22", "9", "0"], "Museo Larco": ["2,155", "532", "52", "3", "2"], "The Strong National Museum of Play": ["1,148", "196", "36", "7", "10"], "Ullen Sentalu": ["284", "172", "40", "7", "3"], "Akta Lakota Museum": ["131", "13", "2", "0", "0"], "Borodino Battle Museum Panorama": ["16", "12", "1", "2", "0"], "Abashiri Prison Museum": ["20", "19", "6", "0", "0"], "Seattle Art Museum": ["468", "323", "139", "27", "9"], "National Maritime Museum Cornwall": ["666", "386", "131", "60", "23"], "Louwman Museum The Hague": ["389", "95", "8", "0", "2"], "Bygdoy Peninsula": ["443", "199", "24", "0", "0"], "Museu d'Historia de Barcelona - MUHBA": ["417", "213", "43", "3", "5"], "Museo Nazionale del Bargello": ["789", "216", "28", "7", "3"], "North Carolina Museum of Art": ["807", "265", "36", "7", "2"], "Holburne Museum": ["387", "268", "62", "7", "4"], "National Museum of American Jewish History": ["538", "139", "46", "10", "4"], "Abraham Lincoln Presidential Library and Museum": ["2,644", "260", "67", "13", "14"], "Norwegian Aviation Museum (Norsk Luftfartsmuseum)": ["57", "24", "4", "1", "0"], "Indianapolis Museum of Art": ["746", "216", "34", "6", "4"], "Hiroshima Peace Memorial Museum": ["1,682", "448", "64", "28", "6"], "German Film Museum (Deutsches Filmmuseum)": ["85", "42", "9", "2", "1"], "Royal Ontario Museum": ["2,246", "1,309", "371", "67", "28"], "Surgeons' Hall Museums": ["332", "165", "24", "7", "4"], "National Museum of Finland": ["78", "113", "42", "5", "2"], "Museo Poldi Pezzoli": ["79", "44", "13", "3", "0"], "National Museum Of China": ["162", "105", "44", "9", "6"], "Normandy Tank Museum": ["29", "22", "15", "2", "1"], "Aberdeen Maritime Museum": ["525", "273", "48", "8", "3"], "Forte di Bard": ["27", "15", "10", "1", "0"], "Swiss Museum of Transport": ["415", "130", "30", "11", "1"], "Art Institute of Chicago": ["11,232", "1,823", "240", "56", "35"], "Kirkland Museum of Fine & Decorative Art": ["205", "52", "4", "1", "0"], "South Florida Museum and Bishop Planetarium": ["328", "158", "42", "12", "1"], "Piaggio Museum (Museo Piaggio)": ["58", "22", "5", "2", "1"], "Photography Museum of Marrakech": ["1,022", "588", "128", "15", "7"], "Museum of Illusions": ["9", "12", "3", "0", "2"], "Museum of Northern Arizona": ["229", "89", "26", "8", "0"], "Mucem": ["165", "100", "43", "15", "9"], "The National Folk Museum of Korea": ["131", "133", "34", "3", "0"], "Berlin Wall Museum (Museum Haus am Checkpoint Charlie)": ["214", "292", "259", "168", "109"], "Teylers Museum": ["122", "87", "18", "5", "0"], "Accademia Gallery": ["8,903", "2,412", "789", "131", "56"], "New Mexico History Museum": ["626", "272", "40", "9", "3"], "Sally Lunn's Museum": ["373", "280", "150", "36", "19"], "National Museum of Fine Arts": ["520", "195", "50", "13", "1"], "Salar Jung Museum": ["833", "614", "171", "26", "9"], "Erie Canal Museum": ["123", "81", "23", "2", "0"], "National Museum of Ancient Art": ["120", "69", "27", "7", "1"], "Charleston Museum": ["244", "247", "45", "9", "5"], "Museum PASIFIKA": ["135", "83", "26", "3", "0"], "Milwaukee Art Museum": ["1,185", "366", "70", "22", "6"], "Charles M. Schulz Museum": ["437", "209", "46", "4", "1"], "Yamato Museum": ["27", "14", "6", "0", "0"], "Museum of London": ["1,719", "950", "214", "58", "22"], "Wimbledon Lawn Tennis Museum": ["374", "143", "24", "8", "3"], "Zeni Winery and Wine Museum": ["68", "48", "10", "2", "4"], "Virginia Holocaust Museum": ["184", "56", "17", "2", "0"], "Lucy Desi Center For Comedy": ["152", "111", "22", "9", "3"], "Centre Pompidou": ["748", "485", "229", "96", "60"], "Kunstkamera Peter The Great's Antropology and Ethnography Museum": ["25", "19", "19", "6", "4"], "Titan Missile Museum": ["605", "151", "14", "3", "4"], "Acropolis Museum": ["8,924", "2,065", "452", "90", "28"], "Pinacoteca do Estado de Sao Paulo": ["242", "119", "23", "4", "2"], "Mole Antonelliana": ["275", "144", "36", "4", "4"], "Musee de l'Orangerie": ["5,116", "1,462", "374", "57", "27"], "National Museum of Iceland": ["982", "703", "165", "20", "4"], "Old Red Museum": ["102", "100", "30", "3", "1"], "December 44 Historical Museum": ["37", "10", "0", "0", "0"], "Musee Nissim de Camondo": ["510", "141", "22", "5", "2"], "National Museum of Emerging Science and Innovation Miraikan": ["119", "97", "44", "17", "9"], "Het Scheepvaartmuseum| The National Maritime Museum": ["549", "271", "91", "30", "7"], "The History Museum": ["53", "22", "2", "0", "0"], "Fort Collins Museum of Discovery": ["100", "36", "11", "3", "2"], "Royal Museums of Fine Arts of Belgium (Musees Royaux des Beaux Arts)": ["208", "179", "66", "15", "8"], "Museum of Latin American Art of Buenos Aires": ["799", "416", "163", "36", "13"], "Musee de la Grande Guerre": ["41", "25", "3", "1", "1"], "Nagoya City Science Museum": ["41", "51", "31", "3", "3"], "Musee Carnavalet": ["302", "197", "80", "34", "9"], "John F. Kennedy Presidential Museum & Library": ["1,492", "525", "130", "25", "3"], "Gilmore Car Museum": ["330", "29", "1", "1", "0"], "Museu Oscar Niemeyer": ["150", "70", "18", "1", "0"], "Lobkowicz Palace": ["1,229", "275", "57", "20", "7"], "Siriraj Medical Museum": ["127", "105", "33", "7", "6"], "Experimentanium": ["8", "3", "2", "0", "0"], "Plantin - Moretus Museum": ["241", "90", "8", "1", "1"], "Archaeological Museum of Thessaloniki": ["256", "88", "19", "2", "4"], "Naval Museum": ["148", "107", "34", "8", "3"], "Peabody Essex Museum": ["972", "233", "57", "19", "9"], "Casa del Alabado": ["230", "53", "6", "4", "1"], "National Gandhi Museum": ["174", "101", "27", "4", "2"], "Leeum Samsung Museum of Art": ["130", "61", "18", "8", "6"], "Science Museum": ["2,075", "1,263", "564", "173", "105"], "Musee National Marc Chagall": ["730", "296", "69", "16", "22"], "Museo di Storia Naturale": ["64", "49", "12", "6", "0"], "Cracow Historical Museum - Old Market Underground": ["566", "324", "142", "50", "29"], "Gold Museum (Museo del Oro)": ["1,697", "627", "213", "25", "13"], "Dallas Holocaust Museum": ["148", "96", "32", "5", "4"], "Jewish Museum and Tolerance Center": ["73", "18", "4", "0", "0"], "Saint Louis Art Museum": ["609", "175", "32", "1", "2"], "National Automobile Museum": ["808", "193", "22", "5", "2"], "Walt Disney Family Museum": ["1,187", "381", "61", "14", "7"], "Kentucky Derby Museum": ["1,303", "450", "81", "10", "4"], "KGB Museum (Genocido Auku Muziejus)": ["615", "297", "44", "12", "11"], "Gilcrease Museum": ["426", "106", "18", "5", "2"], "National Maritime Museum": ["427", "344", "127", "76", "33"], "Museum of Vancouver": ["37", "61", "29", "12", "1"], "Mint Museum Uptown": ["171", "105", "22", "6", "1"], "Musee Picasso": ["192", "197", "96", "15", "13"], "The Tech Museum of Innovation": ["300", "155", "72", "28", "12"], "People's History Museum": ["347", "197", "40", "12", "9"], "Frida Kahlo Museum": ["1,125", "377", "136", "31", "20"], "New York State Museum": ["422", "198", "34", "8", "5"], "San Diego Air & Space Museum": ["174", "162", "53", "13", "3"], "Newbridge Silverware Visitor Center": ["265", "114", "16", "8", "6"], "Palais de Rohan": ["45", "68", "15", "3", "1"], "Anchorage Museum at Rasmuson Center": ["1,105", "443", "101", "24", "8"], "Museo dell'Opera del Duomo": ["448", "126", "39", "11", "7"], "Carolinas Aviation Museum": ["202", "141", "35", "7", "0"], "World Museum": ["668", "314", "125", "39", "19"], "Hunterian Museum": ["301", "185", "28", "5", "0"], "Mevlana Museum": ["268", "147", "52", "4", "0"], "The National WWII Museum": ["12,280", "2,207", "473", "96", "30"], "SCMAGLEV and Railway Park": ["94", "34", "9", "1", "0"], "Swiss National Museum": ["180", "146", "82", "17", "15"], "Grant Museum of Zoology": ["181", "83", "7", "1", "0"], "Asian Civilisations Museum": ["649", "441", "127", "17", "2"], "Military History Museum": ["84", "25", "10", "1", "1"], "Charles Hosmer Morse Museum of American Art": ["824", "110", "13", "1", "1"], "Umaid Bhawan Palace Museum": ["447", "424", "295", "106", "21"], "Holocaust Museum Houston": ["386", "127", "26", "8", "3"], "Museu do Amanha": ["75", "25", "8", "5", "7"], "Carnegie Museum of Natural History": ["702", "220", "42", "9", "3"], "Dallas Museum of Art": ["724", "373", "89", "17", "11"], "Roman Theatre Museum": ["324", "173", "28", "2", "1"], "Beaulieu National Motor Museum": ["2,041", "1,086", "275", "84", "39"], "Ueno Park": ["568", "595", "108", "13", "2"], "Baltimore Museum of Art": ["339", "120", "19", "3", "2"], "Shelburne Museum": ["603", "112", "20", "8", "3"], "Salem Witch Museum": ["271", "349", "514", "258", "230"], "Yad Vashem - Holocaust Memorial": ["3,208", "331", "73", "9", "4"], "British Museum": ["18,005", "4,960", "1,153", "337", "145"], "Chania Archaeological Museum": ["121", "106", "26", "7", "0"], "Brooklyn Museum": ["530", "204", "46", "7", "2"], "The Durham Museum": ["454", "179", "32", "4", "2"], "National Taiwan Museum of Fine Arts": ["33", "33", "10", "2", "1"], "MuseumsQuartier Wien": ["756", "354", "67", "16", "3"], "Stasi Museum": ["232", "188", "63", "11", "4"], "Musee de la Musique": ["73", "18", "5", "1", "1"], "Ocean Star Offshore Drilling Rig & Museum": ["287", "206", "46", "7", "1"], "Houston Museum District": ["358", "122", "12", "3", "2"], "The Nethercutt Collection": ["410", "55", "3", "2", "3"], "Juventus Stadium": ["223", "70", "20", "9", "4"], "Madame Tussauds New York": ["899", "907", "478", "133", "57"], "Goreme Open-Air Museum": ["1,471", "822", "290", "50", "22"], "Geology Museum": ["66", "101", "45", "7", "3"], "High Desert Museum": ["890", "254", "58", "11", "3"], "Sisi Museum": ["264", "193", "75", "18", "7"], "Fundacio Joan Miro": ["630", "307", "92", "25", "16"], "Museo Nacional de Bellas Artes": ["330", "261", "86", "17", "5"], "The Neon Museum": ["1,599", "523", "161", "40", "28"], "National Museum of the American Indian": ["140", "127", "39", "13", "5"], "Natural History Museum of Utah": ["603", "139", "31", "8", "0"], "Churchill War Rooms": ["8,195", "2,552", "446", "61", "23"], "National Portrait Gallery": ["1,443", "464", "67", "8", "0"], "Museum of Siam": ["90", "74", "21", "5", "4"], "National Museum of Nature and Science": ["83", "57", "32", "5", "4"], "Maritime Museum of San Diego": ["621", "337", "61", "3", "2"], "Fotografiska": ["983", "525", "140", "34", "10"], "Amsterdam Tulip Museum": ["78", "117", "69", "35", "8"], "Nationalmuseum": ["47", "33", "28", "6", "1"], "Shaanxi History Museum": ["318", "244", "90", "17", "1"], "Georgia O'Keeffe Museum": ["1,366", "801", "420", "156", "47"], "Toitu Otago Settlers Museum": ["805", "214", "15", "4", "2"], "National Motorcycle Museum": ["79", "19", "2", "0", "0"], "Cite de l'Automobile - Collection Schlumpf": ["259", "54", "11", "3", "1"], "Miho Museum": ["54", "9", "1", "0", "0"], "Denver Museum of Nature & Science": ["1,705", "603", "140", "25", "10"], "Biomuseo": ["199", "128", "56", "19", "6"], "Yorkshire Museum": ["152", "178", "105", "34", "11"], "The Grammy Museum": ["249", "163", "45", "10", "4"], "Imperial Palace (Hofburg)": ["1,404", "714", "191", "23", "9"], "Benaki Museum": ["411", "130", "35", "8", "1"], "Musee des Confluences": ["76", "56", "33", "3", "3"], "Raja Dinkar Kelkar Museum": ["140", "129", "31", "5", "1"], "Vietnam Museum of Ethnology": ["1,626", "1,137", "286", "25", "6"], "Red Dot Design Museum": ["23", "30", "10", "7", "0"], "San Antonio Museum of Art": ["327", "168", "29", "5", "1"], "Henry B. Plant Museum": ["247", "166", "45", "5", "1"], "Philadelphia Museum of Art": ["3,113", "815", "141", "27", "13"], "Medieval Crime Museum (Mittelalterliches Kriminalmuseum)": ["198", "237", "61", "11", "2"], "Vivanco": ["83", "15", "2", "2", "2"], "Princeton University Art Museum": ["330", "77", "3", "3", "1"], "Museum of New Zealand (Te Papa Tongarewa)": ["5,417", "1,379", "273", "41", "21"], "Milton Keynes Museum": ["341", "99", "7", "2", "1"], "Instituto Ricardo Brennand": ["80", "30", "5", "1", "1"], "Musee Grevin": ["48", "38", "19", "4", "1"], "Antique Automobile Club of America Museum": ["350", "125", "24", "4", "3"], "Ballenberg Open-Air Museum": ["172", "31", "10", "7", "1"], "International UFO Museum and Research Center": ["288", "539", "416", "111", "49"], "National Museum of the Pacific War": ["1,610", "175", "18", "3", "1"], "Grand Rapids Public Museum": ["263", "139", "36", "8", "0"], "War Museum Cambodia": ["461", "268", "99", "25", "16"], "Grigore Antipa National Museum of Natural History": ["251", "86", "24", "3", "0"], "Lakeland Motor Museum": ["559", "266", "49", "5", "1"], "Kura Hulanda Museum": ["253", "148", "37", "6", "3"], "The Museum at Campbell River": ["165", "48", "5", "0", "1"], "Children's Museum of Houston": ["784", "210", "59", "18", "13"], "Children's Museum of Pittsburgh": ["265", "99", "32", "10", "2"], "The George W. Bush Presidential Library and Museum": ["1,514", "483", "145", "32", "22"], "Simeone Foundation Automotive Museum": ["121", "46", "4", "0", "0"], "Peranakan Museum": ["334", "243", "52", "8", "4"], "Kentucky Horse Park": ["1,139", "337", "86", "20", "8"], "Rock and Roll Hall of Fame and Museum": ["3,250", "1,500", "531", "126", "54"], "Hagia Sophia Museum / Church (Ayasofya)": ["11,986", "3,395", "788", "137", "38"], "Penang 3D Trick Art Museum": ["75", "107", "57", "9", "3"], "Hellfire Pass Memorial Museum and Walking Trail": ["879", "209", "28", "1", "2"], "Otago Museum": ["458", "162", "14", "1", "0"], "National Museum of American History": ["1,662", "695", "314", "105", "24"], "Lychnostatis Open Air Museum": ["300", "86", "12", "1", "0"], "National Geographic Museum": ["180", "163", "83", "49", "18"], "National Museum of the U.S. Air Force": ["2,589", "206", "16", "3", "3"], "Irish Whiskey Museum": ["1,361", "322", "48", "9", "4"], "American Museum of Science & Energy": ["173", "102", "17", "2", "1"], "Torture Museum Oude Steen": ["164", "132", "34", "2", "3"], "NSU Art Museum": ["96", "62", "30", "13", "11"], "GulfQuest National Maritime Museum of the Gulf of Mexico": ["106", "18", "5", "2", "0"], "California State Railroad Museum": ["1,369", "308", "41", "2", "0"], "Superstition Mountain Museum": ["94", "86", "29", "1", "2"], "Please Touch Museum": ["659", "221", "72", "11", "12"], "Sherlock Holmes Museum": ["261", "350", "259", "132", "119"]}