{"Musical Museum": ["62", "65", "27", "4", "77"], "Museum of Natural History (Museum d'Histoire naturelle)": ["60", "32", "17", "6", "21"], "National Football Museum": ["617", "451", "178", "42", "308"], "Escher in Het Paleis (Escher in the Palace)": ["145", "275", "113", "34", "173"], "Djurgarden": ["208", "445", "130", "41", "203"], "Zuiderzee Museum (Zuiderzeemuseum)": ["70", "70", "13", "1", "36"], "American Museum of Natural History": ["2,494", "1,844", "368", "69", "751"], "Pink Palace Museum": ["163", "84", "12", "7", "41"], "Sinebrychoff Art Museum": ["4", "11", "11", "1", "3"], "Museo Soumaya": ["81", "132", "69", "24", "89"], "Danubiana Meulensteen Art Museum": ["13", "26", "17", "1", "38"], "Jewish Historical Museum": ["65", "165", "57", "8", "67"], "Sapporo Beer Museum": ["44", "63", "28", "3", "46"], "Nordiska museet": ["73", "156", "81", "5", "66"], "High Museum of Art": ["290", "338", "112", "85", "258"], "Museum Boijmans Van Beuningen": ["28", "121", "56", "12", "53"], "Museum of the Rockies": ["387", "265", "57", "15", "87"], "Canada Aviation and Space Museum": ["317", "167", "63", "34", "82"], "FITO Museum": ["44", "146", "51", "8", "71"], "Mutter Museum": ["236", "281", "81", "32", "170"], "Mucha Museum": ["51", "227", "72", "4", "82"], "Choco-Story - The Chocolate Museum": ["222", "552", "34", "10", "154"], "National Archaeological Museum of Naples": ["243", "878", "143", "16", "266"], "The Metropolitan Museum of Art": ["5,072", "6,264", "2,131", "638", "3,783"], "Bata Shoe Museum": ["111", "141", "77", "17", "113"], "Fram Polar Ship Museum": ["372", "884", "258", "50", "354"], "Apartheid Museum": ["394", "632", "346", "181", "663"], "Granet Museum": ["35", "140", "34", "6", "48"], "Musee Miniature et Cinema": ["98", "237", "57", "13", "83"], "Frazier History Museum": ["140", "149", "34", "21", "68"], "Leonardo da Vinci Museum": ["43", "52", "10", "0", "19"], "Uffizi Gallery": ["1,558", "3,977", "616", "64", "1,209"], "Whitby Museum": ["130", "219", "43", "0", "49"], "BenCab Museum": ["226", "118", "33", "21", "157"], "Clink Prison Museum": ["260", "233", "89", "10", "158"], "Prado National Museum": ["1,735", "4,290", "1,169", "340", "1,916"], "New York Transit Museum": ["153", "125", "67", "2", "68"], "Landis Valley Museum": ["53", "67", "12", "2", "42"], "Jimmy Carter Library & Museum": ["144", "208", "52", "42", "126"], "Musee de Cluny - Musee National du Moyen Age": ["172", "506", "133", "14", "170"], "Indian Museum (Jadu Ghar)": ["91", "73", "59", "14", "64"], "Pirates of Nassau Museum": ["263", "279", "31", "5", "73"], "Wheels Through Time Transportation Museum": ["146", "339", "48", "6", "229"], "Oklahoma City National Memorial & Museum": ["793", "715", "225", "175", "424"], "Frontiers of Flight Museum": ["72", "49", "19", "11", "25"], "Little Prince Museum": ["13", "23", "4", "0", "14"], "Ipoh World at Han Chin Pet Soo": ["176", "86", "34", "4", "118"], "Boston Tea Party Ships & Museum": ["1,202", "1,157", "179", "97", "415"], "Heard Museum": ["258", "486", "122", "75", "306"], "House of Terror Museum": ["341", "1,447", "342", "37", "729"], "Airborne and Special Operations Museum": ["217", "109", "44", "47", "92"], "Museum of London Docklands": ["102", "147", "91", "9", "79"], "Pergamon Museum": ["829", "1,963", "618", "170", "954"], "Joyeria Caribe Museum & Factory": ["28", "158", "29", "8", "73"], "The Gordon Highlanders Museum": ["96", "102", "38", "21", "97"], "Automobile Driving Museum": ["13", "18", "10", "2", "15"], "Smithsonian Institution Building": ["891", "668", "160", "127", "289"], "Fitzwilliam Museum": ["322", "599", "187", "54", "311"], "EMP Museum": ["1,103", "1,136", "244", "72", "504"], "Shinyokohama Ramen Museum": ["48", "47", "21", "2", "57"], "Barber Vintage Motorsports Museum": ["145", "170", "48", "43", "153"], "Palace of Tears": ["98", "278", "105", "18", "104"], "Moderna Museet - Stockholm": ["45", "166", "77", "12", "71"], "The National War Museum": ["83", "332", "51", "1", "71"], "Hong Kong Maritime Museum": ["33", "78", "38", "3", "14"], "Institute of Texan Cultures": ["73", "96", "25", "18", "37"], "Mel Fisher Maritime Heritage Museum": ["185", "475", "34", "7", "135"], "Egyptian Museum of Turin": ["174", "365", "130", "42", "169"], "Currier Museum of Art": ["69", "115", "29", "8", "68"], "Arizona Route 66 Museum": ["69", "162", "20", "2", "36"], "Israel Museum": ["472", "593", "191", "84", "453"], "Golden Gate Park": ["1,348", "1,939", "411", "209", "765"], "Football Museum": ["108", "60", "43", "34", "98"], "Missouri Civil War Museum": ["151", "139", "48", "4", "72"], "Mimara Museum": ["3", "26", "17", "3", "11"], "Galicia Jewish Museum": ["37", "83", "45", "11", "50"], "National Corvette Museum": ["437", "609", "96", "30", "183"], "Van Gogh Museum": ["2,507", "6,988", "1,572", "354", "3,054"], "Topography of Terror": ["890", "2,645", "630", "124", "1,092"], "Volvo Museum": ["63", "76", "31", "33", "37"], "Cupnoodles Museum": ["89", "77", "39", "15", "59"], "National Museum of the Mighty Eighth Air Force": ["162", "207", "46", "11", "72"], "Dokumentationszentrum Reichsparteitagsgelaende": ["138", "430", "111", "27", "191"], "National Technical Museum": ["53", "112", "43", "3", "42"], "The Eiteljorg Museum": ["126", "148", "43", "73", "86"], "Hash Marihuana & Hemp Museum": ["14", "54", "20", "2", "50"], "Balboa Park": ["1,637", "1,970", "422", "259", "882"], "Peggy Guggenheim Collection": ["509", "1,617", "206", "25", "433"], "Rosicrucian Egyptian Museum": ["184", "85", "44", "15", "67"], "Sir John Soane's Museum": ["67", "280", "156", "15", "174"], "The Tank Museum": ["959", "493", "135", "13", "272"], "Miami Children's Museum": ["199", "7", "1", "4", "12"], "Museo del Templo Mayor": ["126", "297", "104", "54", "161"], "Norton Museum of Art": ["84", "135", "41", "11", "103"], "Ford's Theatre": ["990", "645", "165", "86", "282"], "South Tyrol Museum of Archaeology": ["82", "156", "22", "4", "54"], "Rahmi M. Koc Museum": ["25", "19", "17", "11", "26"], "The Museum of the Occupation of Latvia": ["58", "266", "108", "21", "156"], "The Broad": ["72", "93", "45", "11", "132"], "Glenbow Museum": ["99", "153", "43", "15", "50"], "Museum of Jewish Heritage": ["26", "49", "24", "2", "32"], "Museum Puri Lukisan": ["52", "133", "54", "1", "41"], "Sampoerna Museum": ["93", "78", "65", "46", "137"], "Newseum": ["1,587", "1,525", "425", "363", "871"], "Palm Springs Air Museum": ["233", "403", "65", "20", "169"], "The Viking Ship Museum": ["565", "1,418", "356", "96", "578"], "Reykjavik 871 +/- 2 The Settlement Exhibition": ["250", "727", "181", "13", "263"], "National Museum of World War II Aviation": ["141", "105", "34", "7", "101"], "The Submarine Force Museum": ["208", "157", "37", "9", "54"], "Museo Picasso": ["543", "1,206", "261", "35", "480"], "Fujiko F Fujio Museum": ["20", "17", "14", "0", "24"], "Antalya Muzesi": ["125", "303", "79", "11", "140"], "St. Fagans: National History Museum": ["1,607", "1,044", "162", "68", "792"], "Greenwich": ["495", "642", "169", "48", "345"], "Royal Signals Museum": ["30", "26", "8", "1", "13"], "Camp Nou": ["2,501", "3,140", "464", "184", "1,620"], "Vatican Museums": ["1,754", "3,996", "476", "42", "1,353"], "MIM - Musical Instruments Museum": ["188", "424", "165", "35", "235"], "Dennos Museum Center": ["22", "36", "15", "3", "19"], "Maritime Museum of the Atlantic": ["358", "733", "129", "49", "249"], "The Third Man Museum": ["18", "133", "53", "7", "45"], "Don Antonio Blanco Museum": ["90", "244", "99", "6", "109"], "The National Museum Bangkok": ["31", "84", "60", "4", "46"], "Ground Zero Museum Workshop": ["350", "467", "69", "28", "265"], "Utah Beach D-Day Museum": ["120", "139", "22", "3", "61"], "Nagasaki Atomic Bomb Museum": ["80", "185", "68", "8", "89"], "Delphi Archaeological Museum": ["135", "263", "47", "10", "114"], "MAS - Museum aan de Stroom": ["122", "244", "79", "30", "189"], "Titanic Museum": ["1,607", "1,106", "74", "29", "355"], "Canterbury Museum": ["262", "459", "143", "19", "167"], "POLIN Museum of the History of Polish Jews": ["100", "297", "113", "57", "187"], "California Science Center": ["878", "389", "132", "47", "316"], "Russian Vodka Museum": ["11", "33", "10", "4", "30"], "The Museum of Qin Terra-cotta Warriors and Horses": ["985", "2,146", "492", "201", "1,273"], "International Tsunami Museum": ["174", "498", "24", "3", "114"], "Museo Nazionale di Capodimonte": ["31", "128", "34", "2", "61"], "Heraklion Archaeological Museum": ["320", "756", "121", "26", "192"], "Beamish Museum": ["1,397", "1,503", "75", "17", "559"], "North Carolina Museum of Natural Sciences": ["569", "228", "64", "66", "121"], "Army Museum": ["440", "830", "204", "25", "206"], "Da Nang Museum of Cham Sculpture": ["73", "164", "66", "12", "84"], "National Museum of Natural Science": ["62", "27", "11", "5", "18"], "Amsterdam Museum": ["88", "393", "112", "10", "113"], "Edo-Tokyo Museum": ["123", "158", "103", "11", "94"], "Musee des Beaux-Arts": ["56", "181", "69", "8", "66"], "Pointe-a-Calliere Museum": ["192", "310", "69", "16", "101"], "South Dakota Air and Space Museum": ["201", "190", "22", "6", "35"], "The Henry Ford": ["801", "715", "150", "92", "291"], "Museum Island": ["388", "1,033", "323", "83", "486"], "Petit Palais, City of Paris Fine Art Museum": ["68", "236", "72", "7", "74"], "Bruges Beer Museum": ["50", "378", "30", "1", "106"], "Museum Ons'Lieve Heer Op Solder": ["141", "655", "118", "20", "223"], "Macao Museum": ["83", "92", "52", "10", "63"], "Lanyang Museum": ["38", "18", "2", "3", "26"], "Museum of Liverpool": ["927", "1,535", "220", "55", "582"], "University of Alaska Museum of the North": ["270", "553", "112", "24", "209"], "The Walters Art Museum": ["219", "260", "115", "50", "141"], "Polish Aviation Museum": ["41", "106", "34", "9", "70"], "Belvedere Palace Museum": ["505", "1,621", "368", "120", "650"], "Norway's Resistance Museum (Norges Hjemmefront Museum)": ["78", "246", "88", "20", "76"], "Harley-Davidson Museum": ["261", "560", "121", "116", "345"], "Macao Science Center": ["58", "15", "6", "2", "13"], "The Discovery Museum": ["402", "200", "50", "16", "108"], "Staedel Museum": ["62", "166", "145", "47", "89"], "The National Museum of Art, Osaka": ["1", "6", "6", "2", "2"], "Neanderthal Museum": ["17", "17", "12", "3", "11"], "Museum of Natural Sciences": ["127", "91", "20", "10", "54"], "Angkor National Museum": ["194", "509", "211", "9", "231"], "Skansen Open-Air Museum": ["756", "1,048", "242", "50", "486"], "Museum of Military History (Heeresgeschichtliches Museum)": ["85", "204", "73", "11", "68"], "Haus der Musik": ["117", "131", "44", "5", "56"], "Vasterbottens Museum": ["2", "13", "6", "2", "5"], "Musee Rodin": ["857", "2,067", "441", "91", "699"], "Niagara Falls History Museum": ["38", "26", "9", "2", "16"], "Canada's Penitentiary Museum": ["144", "184", "21", "8", "78"], "Crocker Art Museum": ["129", "171", "73", "25", "154"], "Chicago History Museum": ["122", "211", "68", "22", "87"], "Dorset County Museum": ["55", "93", "25", "5", "25"], "Kyoto International Manga Museum": ["57", "29", "29", "1", "26"], "NEMO Science Museum": ["417", "214", "62", "9", "125"], "Juno Beach Centre": ["101", "128", "21", "5", "69"], "Ayala Museum": ["95", "88", "104", "65", "76"], "Honolulu Museum of Art": ["106", "273", "87", "19", "122"], "National Museum of Ireland - Archaeology": ["502", "1,074", "338", "77", "475"], "Museum Berggruen": ["10", "46", "14", "1", "18"], "McNay Art Museum": ["137", "201", "45", "25", "95"], "Cincinnati Museum Center at Union Terminal": ["564", "242", "43", "26", "135"], "Museo Nazionale del Cinema": ["115", "235", "86", "41", "127"], "Netherlands Open-Air Museum and National Heritage Museum": ["125", "97", "18", "2", "54"], "Jean Tinguely Museum": ["45", "62", "28", "22", "34"], "Bahrain National Museum": ["149", "100", "84", "56", "145"], "Borghese Gallery": ["999", "2,577", "396", "60", "810"], "Whaling Museum": ["219", "415", "52", "8", "122"], "The Charles Dickens Museum": ["55", "157", "87", "6", "80"], "New Hampshire Boat Museum": ["11", "20", "5", "0", "7"], "Phoenix Art Museum": ["80", "159", "60", "27", "121"], "Kimbell Art Museum": ["191", "275", "74", "40", "179"], "The Changi Museum": ["246", "660", "166", "45", "222"], "Museum of Contemporary Art (MOCA)": ["31", "138", "89", "16", "94"], "Lamborghini Museum": ["54", "53", "12", "5", "17"], "Derby Museum and Art Gallery": ["78", "98", "45", "5", "55"], "Museo Picasso Malaga": ["203", "718", "143", "20", "228"], "Jewish Museum": ["217", "547", "182", "26", "290"], "Pacific Aviation Museum Pearl Harbor": ["219", "319", "60", "16", "75"], "Smithsonian National Air and Space Museum": ["4,201", "2,767", "737", "419", "1,173"], "National Civil War Museum": ["161", "228", "50", "22", "97"], "Egyptian Antiquities Museum": ["398", "595", "352", "121", "443"], "Moof Museum": ["27", "44", "12", "1", "18"], "Museum of Anthropology": ["390", "685", "205", "79", "411"], "Museum of International Folk Art": ["224", "539", "104", "27", "280"], "Viking Ship Museum": ["143", "227", "50", "8", "83"], "Museo del Baile Flamenco": ["125", "354", "53", "7", "120"], "California Academy of Sciences": ["1,103", "778", "201", "71", "362"], "Pinto Art Museum": ["59", "41", "7", "0", "90"], "Royal Tyrrell Museum": ["786", "428", "37", "16", "182"], "Castello Sforzesco": ["279", "707", "177", "66", "268"], "Pola Museum of Art": ["12", "20", "2", "0", "17"], "Wallace Collection": ["550", "1,224", "509", "144", "1,001"], "Virginia Museum of Fine Arts": ["344", "535", "128", "52", "393"], "National Underground Railroad Freedom Center": ["165", "141", "40", "37", "104"], "Jet Age Museum": ["123", "61", "21", "5", "52"], "Arbaer Open Air Museum": ["68", "108", "26", "5", "50"], "Chester Beatty Library": ["324", "780", "277", "64", "402"], "Otsuka Museum of Art": ["3", "4", "1", "1", "4"], "Thyssen-Bornemisza Museum (Museo Thyssen-Bornemisza)": ["431", "1,476", "461", "104", "492"], "American Sign Museum": ["88", "143", "15", "15", "80"], "Bait Al Zubair": ["75", "133", "48", "20", "72"], "Vietnam Military History Museum": ["109", "291", "98", "16", "109"], "Isabella Stewart Gardner Museum": ["297", "537", "170", "64", "320"], "The Exploratorium": ["979", "339", "88", "66", "195"], "Village Museum (Muzeul Satului)": ["296", "497", "157", "67", "421"], "Air Force Armament Museum": ["348", "192", "35", "16", "70"], "Gettysburg Museum & Visitor Center": ["1,133", "1,433", "144", "44", "408"], "St. Augustine Pirate & Treasure Museum": ["846", "578", "38", "8", "166"], "War Remnants Museum": ["1,752", "5,153", "1,556", "248", "2,608"], "Erotic Museum of Barcelona (Museu de l'Erotica)": ["10", "147", "16", "2", "94"], "Museum Prinsenhof Delft": ["13", "47", "20", "6", "18"], "The Cummer Museum of Art and Gardens": ["182", "224", "53", "21", "146"], "Czech Beer Museum": ["10", "91", "17", "0", "47"], "American Visionary Art Museum": ["248", "284", "66", "37", "231"], "Icelandic Phallological Museum": ["65", "289", "74", "3", "177"], "Designmuseum Danmark": ["46", "141", "45", "6", "59"], "Memorial of Caen": ["144", "283", "47", "7", "106"], "US Army Museum of Hawaii": ["324", "525", "86", "29", "103"], "Agung Rai Museum of Art (ARMA)": ["88", "232", "129", "7", "95"], "Museum of Discovery and Science": ["288", "100", "21", "6", "62"], "National Museum of Natural History": ["66", "50", "18", "2", "22"], "Museum of Sex": ["7", "204", "38", "4", "119"], "Motown Museum": ["208", "303", "80", "42", "256"], "Bronte Parsonage Museum": ["146", "434", "54", "7", "178"], "The Museum of Edinburgh": ["42", "123", "49", "3", "45"], "Solomon R. Guggenheim Museum": ["324", "638", "197", "23", "282"], "Holocaust Memorial Center": ["69", "263", "68", "14", "124"], "Pilgrim Monument & Provincetown Museum": ["200", "375", "44", "3", "116"], "Rene Magritte House Museum": ["53", "203", "72", "31", "114"], "Alte Pinakothek": ["116", "251", "104", "22", "83"], "Vietnamese Women's Museum": ["253", "948", "396", "34", "491"], "MARQ Provincial Archaeological Museum": ["17", "65", "17", "3", "27"], "Country Music Hall of Fame and Museum": ["1,391", "2,871", "295", "337", "1,367"], "Merseyside Maritime Museum": ["733", "1,426", "212", "56", "535"], "Museum of History & Industry": ["131", "177", "51", "17", "112"], "Okinawa Prefectural Museum & Art Museum": ["12", "19", "15", "1", "14"], "Mill City Museum": ["244", "222", "75", "50", "160"], "Chernobyl National Museum": ["14", "33", "44", "6", "31"], "The Mini Time Machine Museum of Miniatures": ["136", "108", "23", "4", "84"], "Osaka Museum of Housing and Living": ["45", "52", "25", "0", "35"], "Louisville Slugger Museum & Factory": ["1,278", "996", "158", "200", "487"], "Erawan Museum": ["39", "72", "41", "10", "45"], "Georgian National Museum": ["17", "61", "53", "23", "50"], "Frick Collection": ["832", "1,778", "585", "182", "1,047"], "Museum of Cycladic Art": ["67", "139", "65", "14", "67"], "Streetlife Museum of Transport": ["494", "260", "45", "12", "149"], "Museum of Prehistoric Thera": ["110", "454", "70", "12", "108"], "Wiltshire Museum": ["34", "73", "34", "2", "63"], "National Cowboy & Western Heritage Museum": ["293", "387", "72", "65", "159"], "Dubai Museum": ["567", "782", "272", "86", "410"], "Detroit Institute of Arts": ["297", "446", "122", "72", "378"], "Museo Casa Enzo Ferrari": ["97", "155", "31", "13", "57"], "Brama Poznania": ["11", "6", "4", "0", "7"], "Tel Aviv Museum of Art": ["134", "237", "94", "32", "140"], "The National Museum of Nuclear Science & History": ["178", "201", "54", "20", "78"], "Corning Museum of Glass": ["674", "807", "75", "26", "245"], "Andy Warhol Museum": ["147", "188", "61", "30", "129"], "V&A - Victoria and Albert Museum": ["2,685", "4,344", "1,849", "376", "2,922"], "The Children's Museum of the Upstate": ["154", "19", "2", "7", "16"], "The Ringling": ["902", "1,468", "161", "52", "855"], "The Beatles Story": ["578", "1,241", "218", "37", "632"], "South Australian Museum": ["199", "262", "110", "24", "82"], "Royal Museum of the Armed Forces and of Military History": ["134", "231", "120", "31", "144"], "National Museum Cardiff": ["417", "415", "157", "41", "226"], "Amsterdam Cheese Museum": ["45", "176", "24", "4", "86"], "Visvesvaraya Industrial and Technological Museum": ["442", "54", "47", "52", "141"], "Museo Maya de Cancun": ["204", "362", "55", "11", "138"], "Preston Park Museum & Grounds": ["292", "114", "19", "3", "65"], "Queen Sofia Arts Center (Museo Nacional Centro de Arte Reina Sofia)": ["466", "1,142", "373", "73", "467"], "The Great North Museum": ["234", "113", "25", "10", "63"], "Wine Museum Koutsoyannopoulos": ["38", "174", "11", "3", "41"], "National Civil Rights Museum - Lorraine Motel": ["1,081", "1,583", "246", "148", "769"], "Norwegian Museum of Technology": ["62", "26", "5", "9", "24"], "Museum of the Battle of Normandy": ["200", "350", "56", "3", "116"], "Baba & Nyonya Heritage Museum": ["202", "337", "109", "13", "195"], "Museum of World Treasures": ["114", "69", "23", "16", "36"], "The Bubblecar Museum": ["43", "99", "17", "3", "43"], "Columbia River Maritime Museum": ["259", "514", "41", "10", "100"], "Trickeye Museum": ["164", "115", "28", "8", "206"], "National Museum Negara": ["75", "103", "59", "12", "38"], "The Pen Museum": ["99", "169", "52", "8", "93"], "Imperial War Museum North": ["473", "523", "142", "35", "312"], "Forum Marinum Maritime Centre": ["18", "14", "6", "4", "11"], "The Army Museum": ["19", "26", "26", "8", "14"], "Hospital in the Rock Nuclear Bunker Museum": ["181", "802", "119", "25", "316"], "Venetian Glass Museum": ["19", "27", "7", "1", "17"], "Museo Nazionale Romano - Palazzo Massimo alle Terme": ["100", "337", "93", "13", "87"], "The Railway Museum": ["29", "12", "14", "1", "11"], "Hermitage Amsterdam": ["82", "328", "111", "21", "116"], "Anne Frank House": ["3,683", "8,745", "1,441", "300", "4,325"], "Oskar Schindler's Factory": ["763", "2,533", "392", "80", "1,365"], "Phuket Trickeye Museum": ["203", "139", "18", "3", "71"], "STEAM Museum of the Great Western Railway": ["314", "221", "79", "24", "128"], "National Museum of Scotland": ["2,356", "3,060", "822", "115", "1,288"], "Yitzhak Rabin Center": ["60", "89", "25", "18", "77"], "Museo di Castelvecchio": ["78", "277", "45", "7", "74"], "Museo de la Evolucion Humana": ["14", "44", "15", "2", "15"], "Itchiku Kubota Art Museum": ["12", "28", "8", "0", "24"], "Ogden Museum of Southern Art": ["51", "156", "52", "13", "60"], "Luxor Museum": ["108", "197", "85", "8", "95"], "Micropia": ["63", "144", "36", "3", "42"], "Army Museum Zizkov": ["19", "31", "34", "0", "13"], "Olympic Museum Lausanne (Musee Olympique)": ["146", "157", "65", "44", "107"], "Tennessee State Museum": ["130", "157", "44", "23", "73"], "Bullock Texas State History Museum": ["466", "461", "93", "91", "246"], "Gastronomy Museum Prague": ["14", "56", "16", "3", "17"], "Museum of Geology": ["94", "59", "4", "3", "15"], "National Museum of Korea": ["131", "181", "186", "68", "159"], "Creation Museum": ["398", "191", "29", "7", "69"], "The Polar Museum (Polarmuseet)": ["114", "421", "87", "10", "146"], "PUCRS Science and Technology Museum": ["31", "5", "3", "6", "11"], "Kroller-Muller Museum": ["48", "158", "23", "6", "96"], "Museum of Fine Arts": ["990", "1,377", "542", "218", "783"], "Frans Hals Museum": ["36", "159", "38", "5", "50"], "War Museum of Athens": ["22", "45", "16", "0", "8"], "Vindolanda": ["265", "517", "65", "6", "172"], "North Carolina Museum of History": ["151", "174", "43", "21", "52"], "Chhatrapati Shivaji Maharaj Vastu Sangrahalaya": ["124", "73", "64", "23", "87"], "Musee du quai Branly - Jacques Chirac": ["62", "189", "81", "16", "74"], "Children\u2019s Museum of Phoenix": ["286", "28", "6", "10", "20"], "Byzantine & Christian Museum": ["48", "94", "57", "9", "46"], "Nairobi National Museum": ["117", "125", "108", "42", "113"], "Museo Nazionale dell'Automobile": ["115", "202", "61", "37", "74"], "National Mississippi River Museum & Aquarium": ["415", "291", "30", "18", "73"], "Aga Khan Museum": ["80", "109", "28", "10", "128"], "Archaeological Museum of Rhodes (Hospital of the Knights)": ["115", "340", "54", "4", "84"], "The Blanton Museum of Art": ["58", "67", "38", "11", "52"], "Islamic Arts Museum": ["333", "506", "292", "74", "245"], "Peasant Museum (Muzeul Taranului Roman)": ["29", "73", "40", "12", "59"], "Darshan Museum": ["184", "45", "75", "15", "109"], "Natural History Museum": ["4,389", "2,904", "843", "185", "1,623"], "Briscoe Western Art Museum": ["58", "152", "39", "26", "49"], "Musee du Louvre": ["6,698", "12,158", "2,101", "443", "4,200"], "The Franklin Institute": ["844", "265", "78", "33", "153"], "Museu do Fado / Fado Museum": ["10", "59", "16", "1", "19"], "National Gallery of Art": ["1,382", "1,530", "609", "379", "765"], "Dr Pepper Museum": ["236", "145", "19", "8", "72"], "Kyoto National Museum": ["8", "9", "9", "2", "7"], "Senckenberg Natural History Museum (Naturmuseum Senckenberg)": ["80", "58", "35", "18", "41"], "Torpedo Bay Navy Museum": ["30", "48", "13", "2", "14"], "International Red Cross and Red Crescent Museum": ["39", "78", "57", "17", "52"], "Pensacola Lighthouse and Museum": ["372", "270", "45", "11", "105"], "Forney Museum of Transportation": ["67", "78", "31", "5", "35"], "Glasnevin Cemetery Museum": ["787", "1,214", "324", "86", "1,099"], "Precolumbian Gold Museum": ["118", "283", "97", "24", "144"], "Maryhill Museum of Art": ["37", "115", "12", "1", "38"], "Estonian Museum of Occupations": ["28", "118", "50", "5", "47"], "Madame Tussauds - Las Vegas": ["523", "967", "59", "50", "412"], "Casa Lis (Museum of Art Nouveau and Art Deco)": ["19", "125", "21", "4", "26"], "Fort Lauderdale Antique Car Museum": ["34", "83", "17", "10", "34"], "The War Memorial of Korea": ["373", "446", "371", "141", "356"], "21st Century Museum of Contemporary Art": ["42", "92", "29", "2", "39"], "National Museum": ["58", "50", "45", "12", "74"], "Museum of Islamic Art": ["471", "470", "343", "328", "485"], "The Little Museum of Dublin": ["498", "1,186", "387", "59", "737"], "Oceanographic Museum of Monaco": ["268", "385", "52", "24", "139"], "New Zealand Maritime Museum": ["101", "226", "83", "18", "65"], "International Spy Museum": ["1,281", "551", "142", "60", "318"], "Palm Springs Art Museum": ["110", "412", "64", "11", "192"], "Brno Technical Museum": ["13", "11", "6", "4", "15"], "Museo Andes 1972": ["20", "60", "37", "3", "25"], "National Mustard Museum": ["70", "95", "20", "4", "56"], "Sexmuseum Amsterdam Venustempel": ["24", "753", "84", "5", "463"], "BMW Museum": ["592", "746", "234", "150", "511"], "Museum of Fine Arts, Houston": ["322", "403", "143", "81", "292"], "Cradle of Aviation Museum": ["80", "35", "10", "9", "26"], "Airborne Museum Hartenstein": ["60", "86", "34", "6", "74"], "National Watch and Clock Museum": ["41", "73", "10", "1", "18"], "International Civil Rights Center & Museum": ["170", "116", "48", "37", "110"], "Museumplein": ["235", "635", "196", "28", "335"], "Aboca Museum": ["2", "10", "3", "1", "6"], "Smithsonian American Art Museum": ["189", "203", "96", "45", "92"], "National Railway Museum": ["3,003", "4,253", "544", "114", "1,185"], "Museo della Scienza e della Tecnologia Leonardo da Vinci": ["69", "77", "29", "7", "31"], "Albert Hall Museum": ["239", "174", "73", "18", "117"], "Powerhouse Museum": ["242", "111", "54", "14", "42"], "National Mall": ["1,066", "903", "292", "179", "444"], "Whitney Museum of American Art": ["212", "479", "187", "26", "324"], "Hong Kong Museum of History": ["378", "625", "289", "83", "225"], "Dwight D. Eisenhower Library and Museum": ["82", "210", "43", "9", "47"], "Lyme Regis Philpot Museum": ["96", "97", "26", "0", "19"], "Museo dell'Ara Pacis": ["22", "49", "23", "2", "15"], "The Mariners' Museum & Park": ["155", "160", "36", "10", "73"], "The MAD Museum": ["396", "231", "22", "2", "73"], "Sex Machines Museum": ["6", "147", "24", "1", "56"], "Museo Cerralbo": ["41", "177", "59", "5", "45"], "John F Kennedy Hyannis Museum": ["127", "221", "29", "6", "74"], "Museu del Modernisme": ["4", "26", "17", "0", "8"], "National Archaeological Museum": ["441", "924", "305", "38", "361"], "The Field Museum": ["1,612", "1,217", "277", "158", "597"], "Museum Bank Indonesia": ["61", "49", "47", "29", "77"], "Palace of the Grand Dukes of Lithuania, National Museum": ["21", "49", "21", "7", "26"], "Museo de los Ninos": ["51", "7", "0", "3", "6"], "Arktikum": ["85", "102", "45", "12", "72"], "Stax Museum of American Soul Music": ["222", "474", "72", "36", "214"], "Deutsches Museum": ["634", "566", "215", "72", "334"], "The National 9/11 Memorial & Museum": ["8,913", "11,299", "1,688", "652", "5,866"], "Museumsufer": ["12", "36", "28", "10", "28"], "Saga Museum": ["122", "311", "65", "3", "106"], "The Hershey Story": ["504", "267", "24", "20", "92"], "Stedelijk Museum Amsterdam": ["102", "372", "154", "21", "139"], "Titanic Belfast": ["2,401", "3,829", "554", "239", "2,525"], "Canadian Warplane Heritage Museum": ["225", "100", "43", "14", "96"], "Museum of Broken Relationships": ["119", "594", "263", "39", "450"], "The White House and Museum of the Confederacy": ["187", "319", "78", "18", "96"], "Arabia Steamboat Museum": ["361", "336", "62", "43", "241"], "Museum Angkut": ["194", "51", "11", "4", "97"], "State Russian Museum": ["78", "213", "101", "18", "101"], "Museo dell'Olio d'Oliva": ["11", "23", "0", "1", "4"], "Museo del Vidrio y Cristal de Malaga": ["43", "356", "40", "5", "129"], "Baltimore Museum of Industry": ["59", "37", "15", "9", "20"], "DAR Museum": ["18", "28", "27", "9", "25"], "Museum of Art (Kunsthaus Zurich)": ["88", "223", "131", "36", "91"], "Rietberg Museum": ["13", "32", "32", "12", "26"], "The Museum of Modern Art (MoMA)": ["1,180", "1,578", "625", "123", "899"], "Smithsonian National Museum of Natural History": ["2,558", "1,439", "401", "222", "666"], "Jardin Majorelle": ["1,462", "4,540", "529", "73", "2,205"], "London Transport Museum": ["432", "278", "153", "16", "115"], "Lennusadam Seaplane Harbour": ["226", "314", "82", "35", "183"], "Hollywood Wax Museum": ["401", "178", "12", "4", "71"], "Lane Motor Museum": ["129", "194", "30", "20", "82"], "Medieval Museum": ["37", "67", "37", "6", "22"], "Queen Sirikit Museum of Textiles": ["42", "89", "51", "7", "56"], "The Met Cloisters": ["521", "799", "309", "88", "650"], "National Media Museum": ["345", "238", "58", "9", "127"], "Hungarian National Museum (Magyar Nemzeti Muzeum)": ["40", "186", "70", "9", "51"], "Grevin Museum": ["51", "54", "12", "1", "27"], "Leopold Museum": ["71", "327", "108", "24", "129"], "The Swedish Air Force Museum": ["28", "15", "17", "16", "30"], "Thackray Medical Museum": ["194", "131", "24", "10", "78"], "Historical Museum of Crete": ["36", "122", "40", "4", "36"], "Museum of Communism": ["102", "321", "114", "4", "157"], "Carnegie Museum of Art": ["79", "93", "36", "11", "49"], "The Buckhorn Saloon and Texas Ranger Museum": ["146", "251", "27", "27", "73"], "Norman Rockwell Museum": ["183", "680", "50", "6", "216"], "Catavento Cultural e Educacional": ["56", "9", "7", "2", "15"], "Red Light Secrets - Museum of Prostitution": ["10", "299", "46", "4", "179"], "Tuol Sleng Genocide Museum": ["512", "1,986", "907", "125", "1,248"], "Crystal Bridges Museum of American Art": ["536", "1,069", "134", "93", "555"], "Evergreen Aviation & Space Museum": ["286", "334", "53", "13", "126"], "Wells Fargo History Museum": ["28", "42", "21", "7", "12"], "Revs Institute for Automotive Research, Inc.": ["36", "92", "11", "8", "57"], "The Camera Museum": ["75", "137", "79", "8", "116"], "Adachi Museum of Art": ["8", "25", "6", "1", "9"], "Holmenkollen Ski Museum and Ski Jump Tower": ["285", "539", "152", "66", "299"], "Creative Discovery Museum": ["452", "22", "3", "8", "22"], "Palmach Museum": ["199", "168", "36", "18", "141"], "Bob Marley Museum": ["102", "174", "60", "52", "125"], "Vasa Museum": ["1,822", "3,989", "902", "442", "1,825"], "Titanic Museum Attraction": ["2,643", "1,748", "82", "37", "495"], "Perez Art Museum Miami": ["146", "182", "58", "37", "157"], "The Museum of Witchcraft": ["200", "286", "36", "3", "70"], "Buffalo Bill Center of the West": ["712", "1,138", "104", "31", "320"], "Walton's Mountain Museum": ["37", "59", "9", "1", "19"], "Museo Correr": ["69", "215", "33", "3", "44"], "Australian Museum": ["149", "125", "70", "7", "39"], "Musei Capitolini": ["92", "266", "77", "5", "74"], "Tillamook Air Museum": ["107", "166", "24", "3", "40"], "DDR Museum": ["270", "611", "185", "19", "275"], "Museum of Native American History": ["148", "260", "47", "17", "166"], "Hong Kong Science Museum": ["189", "60", "36", "5", "26"], "Children's Museum of Indianapolis": ["1,604", "141", "47", "61", "141"], "Munch Museum": ["111", "229", "118", "18", "130"], "Vizcaya Museum and Gardens": ["600", "922", "182", "78", "591"], "Memorial of the Berlin Wall": ["836", "2,082", "487", "207", "1,041"], "Museo del Greco": ["34", "173", "34", "1", "39"], "Fukui Dinosaur Museum": ["11", "2", "3", "2", "6"], "Asian Art Museum": ["129", "267", "119", "36", "168"], "Museum of Science": ["858", "267", "71", "40", "165"], "The Royal Air Force Museum London": ["631", "382", "227", "64", "308"], "Mori Art Museum": ["38", "91", "53", "15", "45"], "Wallraf-Richartz Museum": ["12", "67", "45", "9", "30"], "Mercedes-Benz Museum": ["429", "503", "207", "173", "411"], "District Six Museum": ["113", "344", "105", "20", "185"], "Pitt Rivers Museum": ["567", "666", "169", "42", "339"], "Rodin Museum": ["138", "271", "93", "45", "139"], "Oregon Museum of Science and Industry": ["508", "178", "49", "36", "105"], "Kelham Island Museum": ["121", "108", "26", "3", "77"], "Grevin Praha": ["27", "45", "2", "4", "23"], "Museo Chileno de Arte Precolombino": ["58", "213", "87", "22", "76"], "Musee Matisse": ["67", "274", "54", "4", "84"], "Hooge Crater museum": ["79", "129", "31", "16", "124"], "Museum of Science and Industry": ["487", "117", "21", "11", "63"], "Musee de la Civilisation": ["237", "385", "48", "12", "95"], "State Aviation Museum": ["8", "7", "26", "6", "15"], "Boston Children's Museum": ["353", "18", "5", "10", "8"], "The Salisbury Museum": ["26", "73", "29", "4", "36"], "Waikato Museum": ["58", "35", "23", "2", "25"], "Ashmolean Museum of Art and Archaeology": ["563", "1,163", "332", "62", "533"], "Museum of Osteology": ["350", "138", "28", "22", "66"], "Museum Hack": ["209", "287", "128", "55", "411"], "National Institute of Archaeology with Museum": ["11", "59", "32", "8", "42"], "Jewish Museum in Prague": ["169", "496", "83", "11", "191"], "Musee Picasso Paris": ["87", "316", "99", "7", "105"], "European Solidarity Centre": ["63", "288", "73", "12", "157"], "Aros Aarhus Kunstmuseum": ["114", "156", "66", "33", "118"], "Kunsthistorisches Museum": ["416", "1,283", "361", "105", "433"], "Albert Dock": ["1,581", "3,165", "366", "174", "1,576"], "City of the Arts and Sciences": ["337", "759", "129", "49", "314"], "Musee Marmottan": ["163", "581", "179", "26", "222"], "de Young Museum": ["209", "369", "130", "40", "221"], "Portland Art Museum": ["102", "222", "88", "20", "119"], "Toledo Museum of Art": ["160", "182", "59", "16", "127"], "Guggenheim Museum Bilbao": ["430", "1,402", "281", "91", "497"], "Technisches Museum": ["62", "69", "26", "2", "26"], "Red Star Line Museum": ["45", "80", "30", "10", "67"], "Australian National Maritime Museum": ["268", "265", "86", "24", "84"], "Nymphenburg Palace (Schloss Nymphenburg)": ["349", "654", "169", "63", "335"], "Natural History Museum of Los Angeles County": ["265", "132", "42", "10", "73"], "Musical Instrument Museum": ["876", "1,037", "201", "87", "737"], "Wings Over the Rockies Air & Space Museum": ["123", "73", "29", "14", "41"], "South Carolina State Museum": ["141", "95", "24", "16", "42"], "Erarta Museum and Galleries of Contemporary Art": ["22", "39", "33", "6", "35"], "The State Central Museum of Contemporary History of Russia": ["3", "25", "16", "1", "5"], "Samurai Museum": ["79", "114", "56", "6", "58"], "Pushkin State Museum of Fine Arts": ["42", "94", "57", "21", "77"], "Paper and Watermark Museum": ["8", "7", "4", "0", "6"], "Cleveland Museum of Art": ["434", "626", "166", "65", "394"], "Palacio del Marques de Dos Aguas": ["28", "96", "27", "4", "36"], "Museum and Crypt of Capuchins": ["247", "378", "64", "4", "151"], "Jade Museum": ["42", "113", "56", "11", "62"], "Pinang Peranakan Mansion": ["396", "608", "178", "28", "446"], "National Postal Museum": ["180", "129", "81", "26", "50"], "Museo Cappella Sansevero": ["166", "477", "111", "19", "207"], "Fashion Museum": ["203", "299", "90", "8", "166"], "Philips Museum": ["22", "34", "22", "26", "32"], "Musee des Blindes": ["54", "57", "16", "2", "22"], "Canadian War Museum": ["788", "640", "217", "132", "360"], "Speculum Alchemiae Museum": ["45", "124", "33", "1", "46"], "The National Quilt Museum": ["71", "206", "44", "9", "127"], "Train World": ["24", "14", "9", "1", "17"], "Louisiana Museum of Modern Art": ["108", "256", "84", "7", "173"], "Museu Europeu d'art Modern - MEAM": ["10", "44", "24", "0", "11"], "Bagatti Valsecchi Museum": ["7", "19", "11", "2", "11"], "Museum of Innocence": ["28", "105", "68", "12", "51"], "Fryderyk Chopin Museum": ["34", "76", "41", "13", "65"], "Coventry Transport Museum": ["760", "538", "159", "51", "352"], "National Naval Aviation Museum": ["1,569", "982", "168", "51", "414"], "Porsche Museum": ["234", "302", "130", "87", "247"], "The Walmart Museum": ["234", "352", "60", "68", "174"], "The Manchester Museum": ["503", "265", "97", "32", "185"], "Budapest Pinball Museum": ["57", "165", "27", "0", "64"], "Birmingham Museum & Art Gallery": ["447", "640", "264", "68", "377"], "National Museum of Anthropology (Museo Nacional de Antropologia)": ["642", "1,150", "476", "271", "688"], "Philbrook Museum of Art": ["218", "200", "49", "39", "134"], "La Brea Tar Pits and Museum": ["641", "369", "108", "30", "206"], "Zippo / Case Museum": ["43", "72", "11", "9", "37"], "Bastogne War Museum": ["111", "131", "29", "4", "75"], "Ny Carlsberg Glyptotek": ["201", "663", "245", "61", "278"], "The Dali Museum": ["765", "1,587", "293", "118", "845"], "Royal Aviation Museum of Western Canada": ["74", "49", "19", "5", "38"], "Zwinger": ["129", "336", "91", "25", "146"], "Musee d'Orsay": ["4,512", "10,287", "1,899", "432", "3,351"], "Tenement Museum": ["1,030", "1,193", "340", "96", "760"], "Museo Ferrari": ["195", "214", "53", "19", "89"], "Minneapolis Institute of Art": ["307", "386", "154", "43", "299"], "Musee d'Unterlinden (Under the Linden Trees)": ["24", "84", "22", "1", "28"], "Rocky Statue": ["274", "234", "78", "46", "146"], "Museu de Arte de Sao Paulo Assis Chateaubriand - MASP": ["50", "86", "80", "41", "68"], "Levine Museum of the New South": ["78", "99", "29", "25", "71"], "Chihuly Garden and Glass": ["3,291", "5,222", "926", "564", "2,636"], "Museum of Science & Industry": ["1,876", "910", "289", "118", "675"], "Fine Arts Museum (Kunstmuseum)": ["45", "107", "51", "24", "44"], "National Museum of the Marine Corps": ["197", "157", "45", "22", "99"], "Audi Museum": ["34", "43", "19", "14", "35"], "Kon-Tiki Museum": ["222", "563", "137", "26", "191"], "Chrysler Museum of Art": ["133", "155", "52", "17", "93"], "National Museum - National Gallery": ["147", "433", "159", "39", "172"], "Astra National Museum Complex": ["64", "100", "18", "8", "84"], "Harvard Museum of Natural History": ["214", "123", "50", "16", "76"], "Chocolate Museum": ["280", "433", "110", "38", "267"], "International Maritime Museum": ["42", "70", "50", "20", "41"], "In Flanders Fields Museum": ["314", "662", "105", "40", "414"], "Folklore Museum": ["114", "183", "55", "9", "76"], "Schweine-Museum": ["14", "25", "5", "0", "11"], "Royal Albert Memorial Museum": ["251", "251", "81", "16", "118"], "National Aviation Museum (Aviodrome)": ["20", "11", "5", "2", "4"], "KGB Museum": ["122", "377", "107", "7", "203"], "Nezu Museum": ["17", "56", "36", "7", "35"], "Museo de Arte Popular": ["40", "111", "50", "12", "51"], "Nelson-Atkins Museum of Art": ["459", "534", "135", "88", "344"], "Kumu Art Museum": ["29", "127", "66", "11", "69"], "Wright Museum of WWII": ["38", "57", "8", "1", "26"], "Franz Kafka Muzeum": ["32", "149", "70", "3", "66"], "Muzej Nikole Tesle (Nikola Tesla Museum)": ["82", "161", "92", "20", "187"], "Museum Het Rembrandthuis (Rembrandt House)": ["271", "962", "258", "48", "328"], "Hungarian Natural History Museum": ["5", "9", "4", "0", "5"], "Neka Art Museum": ["67", "199", "72", "4", "58"], "Musee des Arts Decoratifs": ["30", "89", "40", "2", "40"], "Rijksmuseum": ["2,131", "6,809", "1,553", "401", "2,667"], "Memphis Rock 'n' Soul Museum": ["232", "655", "84", "23", "223"], "The Jewish Museum of Greece": ["1", "24", "10", "2", "15"], "Museo Galileo - Institute and Museum of the History of Science": ["219", "357", "76", "7", "87"], "Istanbul Archaeological Museums": ["271", "731", "245", "39", "312"], "Dali Theatre-Museum (Teatro-Museo Dali)": ["260", "538", "83", "8", "245"], "Old Slave Mart Museum": ["127", "300", "53", "9", "90"], "Musee Jacquemart-Andre": ["126", "497", "108", "40", "224"], "National Tile Museum": ["119", "450", "103", "12", "197"], "New Orleans Museum of Art": ["99", "192", "49", "22", "110"], "Museum of Eroticism (Musee de l'Erotisme)": ["1", "61", "14", "0", "21"], "Czar PRL - Life under Communism Museum": ["9", "23", "11", "2", "21"], "CR7 Museum": ["87", "140", "18", "2", "22"], "Solent Sky Museum": ["135", "95", "38", "9", "83"], "Croke Park Stadium Tour & GAA Museum": ["377", "439", "113", "50", "355"], "German National Museum of Contemporary History": ["26", "38", "22", "6", "37"], "Harwood Museum of Art": ["18", "66", "15", "2", "18"], "Pima Air & Space Museum": ["641", "838", "207", "95", "468"], "Cable Car Museum": ["489", "755", "135", "56", "215"], "The David Collection": ["54", "191", "66", "14", "95"], "Museo del Novecento": ["18", "71", "33", "6", "39"], "Mona": ["478", "1,692", "244", "84", "774"], "Museo de la Memoria y los Derechos Humanos": ["78", "395", "201", "40", "209"], "Coastal Discovery Museum": ["291", "234", "16", "6", "94"], "Cincinnati Art Museum": ["138", "160", "51", "21", "91"], "Rotorua Museum": ["203", "401", "86", "16", "146"], "State Hermitage Museum and Winter Palace": ["974", "2,863", "566", "180", "1,447"], "Melbourne Museum": ["801", "637", "240", "73", "325"], "Det Hanseatiske Museum og Schoetstuene": ["60", "200", "41", "3", "53"], "National Museum of Singapore": ["173", "339", "191", "46", "164"], "Kelvingrove Art Gallery and Museum": ["2,003", "2,320", "741", "176", "1,328"], "The Sixth Floor Museum/Texas School Book Depository": ["1,175", "1,387", "432", "372", "885"], "Fries Museum": ["4", "22", "4", "3", "7"], "Musee des Arts Forains": ["26", "38", "12", "7", "23"], "Museo de Antioquia": ["31", "123", "87", "23", "76"], "Gaziantep Zeugma Mosaic Museum": ["49", "60", "26", "20", "85"], "National Infantry Museum and Soldier Center": ["708", "196", "82", "45", "150"], "Illinois State Museum": ["112", "41", "15", "6", "20"], "Museo Larco": ["370", "1,059", "311", "76", "596"], "The Strong National Museum of Play": ["798", "95", "23", "17", "76"], "Ullen Sentalu": ["122", "99", "47", "18", "150"], "Akta Lakota Museum": ["40", "59", "12", "2", "15"], "Borodino Battle Museum Panorama": ["3", "9", "7", "0", "2"], "Abashiri Prison Museum": ["5", "19", "4", "0", "7"], "Seattle Art Museum": ["144", "282", "120", "29", "126"], "National Maritime Museum Cornwall": ["413", "495", "61", "9", "107"], "Louwman Museum The Hague": ["123", "145", "45", "24", "101"], "Bygdoy Peninsula": ["122", "282", "90", "16", "111"], "Museu d'Historia de Barcelona - MUHBA": ["103", "270", "69", "7", "93"], "Museo Nazionale del Bargello": ["151", "533", "114", "15", "135"], "North Carolina Museum of Art": ["212", "289", "90", "27", "208"], "Holburne Museum": ["89", "334", "71", "11", "126"], "National Museum of American Jewish History": ["164", "221", "72", "35", "116"], "Abraham Lincoln Presidential Library and Museum": ["923", "891", "130", "70", "356"], "Norwegian Aviation Museum (Norsk Luftfartsmuseum)": ["20", "29", "9", "5", "12"], "Indianapolis Museum of Art": ["228", "264", "88", "52", "152"], "Hiroshima Peace Memorial Museum": ["448", "839", "271", "37", "378"], "German Film Museum (Deutsches Filmmuseum)": ["19", "32", "37", "6", "28"], "Royal Ontario Museum": ["1,197", "952", "376", "109", "581"], "Surgeons' Hall Museums": ["62", "204", "55", "8", "84"], "National Museum of Finland": ["34", "78", "55", "12", "35"], "Museo Poldi Pezzoli": ["24", "53", "20", "6", "14"], "National Museum Of China": ["43", "78", "88", "20", "62"], "Normandy Tank Museum": ["31", "13", "7", "0", "11"], "Aberdeen Maritime Museum": ["191", "274", "108", "42", "128"], "Forte di Bard": ["14", "15", "2", "2", "12"], "Swiss Museum of Transport": ["226", "152", "32", "16", "61"], "Art Institute of Chicago": ["2,759", "4,064", "1,421", "829", "2,453"], "Kirkland Museum of Fine & Decorative Art": ["23", "102", "35", "14", "45"], "South Florida Museum and Bishop Planetarium": ["171", "129", "19", "4", "83"], "Piaggio Museum (Museo Piaggio)": ["26", "32", "4", "2", "8"], "Photography Museum of Marrakech": ["196", "866", "141", "11", "353"], "Museum of Illusions": ["12", "8", "2", "0", "2"], "Museum of Northern Arizona": ["80", "148", "35", "1", "45"], "Mucem": ["51", "129", "43", "10", "70"], "The National Folk Museum of Korea": ["48", "72", "59", "20", "63"], "Berlin Wall Museum (Museum Haus am Checkpoint Charlie)": ["177", "368", "86", "12", "147"], "Teylers Museum": ["37", "74", "33", "8", "50"], "Accademia Gallery": ["2,621", "5,781", "822", "110", "1,908"], "New Mexico History Museum": ["139", "452", "65", "32", "120"], "Sally Lunn's Museum": ["124", "325", "35", "3", "134"], "National Museum of Fine Arts": ["70", "243", "100", "34", "230"], "Salar Jung Museum": ["650", "188", "115", "158", "219"], "Erie Canal Museum": ["54", "69", "14", "9", "33"], "National Museum of Ancient Art": ["24", "101", "38", "3", "38"], "Charleston Museum": ["96", "236", "32", "7", "66"], "Museum PASIFIKA": ["50", "84", "26", "10", "32"], "Milwaukee Art Museum": ["333", "470", "126", "67", "323"], "Charles M. Schulz Museum": ["200", "229", "37", "12", "85"], "Yamato Museum": ["8", "14", "12", "2", "7"], "Museum of London": ["556", "781", "365", "47", "396"], "Wimbledon Lawn Tennis Museum": ["126", "173", "53", "9", "89"], "Zeni Winery and Wine Museum": ["16", "79", "2", "0", "21"], "Virginia Holocaust Museum": ["65", "81", "22", "12", "39"], "Lucy Desi Center For Comedy": ["59", "112", "22", "3", "60"], "Centre Pompidou": ["240", "573", "180", "14", "218"], "Kunstkamera Peter The Great's Antropology and Ethnography Museum": ["7", "25", "7", "0", "16"], "Titan Missile Museum": ["143", "235", "68", "3", "126"], "Acropolis Museum": ["2,426", "4,378", "929", "347", "2,056"], "Pinacoteca do Estado de Sao Paulo": ["80", "70", "48", "22", "94"], "Mole Antonelliana": ["69", "169", "64", "19", "96"], "Musee de l'Orangerie": ["1,326", "2,982", "652", "103", "1,064"], "National Museum of Iceland": ["291", "882", "211", "26", "270"], "Old Red Museum": ["35", "64", "30", "11", "32"], "December 44 Historical Museum": ["16", "10", "6", "0", "10"], "Musee Nissim de Camondo": ["68", "293", "77", "13", "114"], "National Museum of Emerging Science and Innovation Miraikan": ["92", "67", "31", "6", "35"], "Het Scheepvaartmuseum| The National Maritime Museum": ["150", "402", "106", "23", "136"], "The History Museum": ["10", "31", "3", "4", "19"], "Fort Collins Museum of Discovery": ["89", "23", "7", "4", "12"], "Royal Museums of Fine Arts of Belgium (Musees Royaux des Beaux Arts)": ["40", "184", "81", "12", "70"], "Museum of Latin American Art of Buenos Aires": ["148", "519", "184", "36", "262"], "Musee de la Grande Guerre": ["21", "28", "3", "2", "15"], "Nagoya City Science Museum": ["42", "25", "20", "5", "28"], "Musee Carnavalet": ["65", "247", "109", "7", "82"], "John F. Kennedy Presidential Museum & Library": ["469", "711", "147", "113", "336"], "Gilmore Car Museum": ["66", "127", "33", "1", "62"], "Museu Oscar Niemeyer": ["40", "55", "44", "14", "55"], "Lobkowicz Palace": ["158", "693", "114", "36", "242"], "Siriraj Medical Museum": ["29", "90", "50", "8", "60"], "Experimentanium": ["7", "1", "1", "0", "1"], "Plantin - Moretus Museum": ["34", "138", "52", "16", "58"], "Archaeological Museum of Thessaloniki": ["66", "109", "49", "20", "83"], "Naval Museum": ["49", "115", "53", "7", "26"], "Peabody Essex Museum": ["244", "426", "92", "26", "235"], "Casa del Alabado": ["44", "116", "50", "2", "49"], "National Gandhi Museum": ["50", "95", "47", "20", "74"], "Leeum Samsung Museum of Art": ["20", "43", "52", "17", "38"], "Science Museum": ["1,622", "769", "268", "37", "376"], "Musee National Marc Chagall": ["141", "611", "108", "23", "166"], "Museo di Storia Naturale": ["40", "51", "7", "0", "16"], "Cracow Historical Museum - Old Market Underground": ["160", "481", "106", "11", "224"], "Gold Museum (Museo del Oro)": ["317", "696", "413", "230", "532"], "Dallas Holocaust Museum": ["69", "63", "28", "6", "42"], "Jewish Museum and Tolerance Center": ["10", "36", "16", "6", "15"], "Saint Louis Art Museum": ["246", "260", "71", "25", "127"], "National Automobile Museum": ["209", "373", "73", "62", "170"], "Walt Disney Family Museum": ["463", "499", "130", "49", "264"], "Kentucky Derby Museum": ["478", "575", "84", "119", "307"], "KGB Museum (Genocido Auku Muziejus)": ["78", "333", "159", "38", "238"], "Gilcrease Museum": ["133", "166", "41", "27", "94"], "National Maritime Museum": ["239", "340", "113", "13", "147"], "Museum of Vancouver": ["23", "47", "14", "2", "22"], "Mint Museum Uptown": ["59", "90", "29", "25", "52"], "Musee Picasso": ["100", "214", "31", "6", "69"], "The Tech Museum of Innovation": ["217", "62", "32", "42", "66"], "People's History Museum": ["91", "185", "88", "29", "115"], "Frida Kahlo Museum": ["227", "521", "208", "69", "381"], "New York State Museum": ["206", "132", "51", "32", "89"], "San Diego Air & Space Museum": ["126", "112", "36", "8", "39"], "Newbridge Silverware Visitor Center": ["69", "107", "24", "11", "112"], "Palais de Rohan": ["26", "64", "19", "2", "13"], "Anchorage Museum at Rasmuson Center": ["365", "631", "160", "48", "225"], "Museo dell'Opera del Duomo": ["90", "282", "57", "7", "89"], "Carolinas Aviation Museum": ["147", "93", "38", "15", "48"], "World Museum": ["433", "284", "69", "7", "101"], "Hunterian Museum": ["95", "187", "72", "29", "88"], "Mevlana Museum": ["64", "157", "50", "20", "133"], "The National WWII Museum": ["2,970", "6,225", "822", "775", "2,419"], "SCMAGLEV and Railway Park": ["45", "35", "30", "4", "17"], "Swiss National Museum": ["75", "159", "74", "22", "54"], "Grant Museum of Zoology": ["49", "50", "51", "1", "51"], "Asian Civilisations Museum": ["160", "374", "187", "82", "160"], "Military History Museum": ["12", "47", "27", "5", "13"], "Charles Hosmer Morse Museum of American Art": ["108", "380", "70", "12", "212"], "Umaid Bhawan Palace Museum": ["461", "307", "70", "42", "221"], "Holocaust Museum Houston": ["159", "119", "53", "25", "91"], "Museu do Amanha": ["31", "24", "14", "1", "34"], "Carnegie Museum of Natural History": ["380", "217", "57", "37", "118"], "Dallas Museum of Art": ["258", "287", "132", "95", "210"], "Roman Theatre Museum": ["109", "239", "22", "4", "91"], "Beaulieu National Motor Museum": ["1,184", "1,398", "91", "17", "349"], "Ueno Park": ["244", "381", "228", "40", "207"], "Baltimore Museum of Art": ["101", "131", "53", "28", "92"], "Shelburne Museum": ["154", "306", "28", "5", "87"], "Salem Witch Museum": ["417", "451", "65", "10", "240"], "Yad Vashem - Holocaust Memorial": ["731", "947", "338", "152", "964"], "British Museum": ["5,854", "7,402", "3,188", "719", "4,023"], "Chania Archaeological Museum": ["52", "134", "30", "3", "25"], "Brooklyn Museum": ["126", "173", "107", "10", "197"], "The Durham Museum": ["201", "160", "56", "39", "71"], "National Taiwan Museum of Fine Arts": ["14", "22", "15", "4", "19"], "MuseumsQuartier Wien": ["189", "449", "149", "51", "201"], "Stasi Museum": ["60", "182", "56", "13", "82"], "Musee de la Musique": ["20", "36", "13", "0", "16"], "Ocean Star Offshore Drilling Rig & Museum": ["160", "195", "27", "17", "62"], "Houston Museum District": ["122", "107", "39", "38", "60"], "The Nethercutt Collection": ["108", "133", "38", "10", "129"], "Juventus Stadium": ["64", "82", "38", "12", "101"], "Madame Tussauds New York": ["775", "566", "91", "20", "375"], "Goreme Open-Air Museum": ["420", "1,106", "237", "13", "578"], "Geology Museum": ["83", "32", "15", "10", "41"], "High Desert Museum": ["475", "359", "39", "14", "139"], "Sisi Museum": ["100", "215", "51", "5", "86"], "Fundacio Joan Miro": ["178", "443", "106", "12", "157"], "Museo Nacional de Bellas Artes": ["62", "296", "122", "16", "115"], "The Neon Museum": ["310", "1,050", "165", "54", "470"], "National Museum of the American Indian": ["59", "88", "49", "2", "50"], "Natural History Museum of Utah": ["289", "189", "59", "40", "99"], "Churchill War Rooms": ["2,820", "4,246", "906", "339", "1,549"], "National Portrait Gallery": ["459", "569", "222", "138", "288"], "Museum of Siam": ["43", "49", "34", "1", "34"], "National Museum of Nature and Science": ["53", "34", "34", "4", "25"], "Maritime Museum of San Diego": ["293", "291", "84", "44", "95"], "Fotografiska": ["208", "610", "242", "61", "367"], "Amsterdam Tulip Museum": ["33", "107", "33", "2", "41"], "Nationalmuseum": ["7", "26", "19", "2", "13"], "Shaanxi History Museum": ["117", "211", "82", "17", "129"], "Georgia O'Keeffe Museum": ["392", "1,235", "211", "67", "592"], "Toitu Otago Settlers Museum": ["254", "432", "109", "18", "140"], "National Motorcycle Museum": ["11", "40", "14", "4", "21"], "Cite de l'Automobile - Collection Schlumpf": ["70", "113", "25", "8", "62"], "Miho Museum": ["4", "14", "6", "1", "25"], "Denver Museum of Nature & Science": ["1,032", "467", "137", "74", "291"], "Biomuseo": ["91", "136", "34", "8", "92"], "Yorkshire Museum": ["99", "202", "52", "3", "44"], "The Grammy Museum": ["107", "105", "40", "22", "71"], "Imperial Palace (Hofburg)": ["386", "1,012", "197", "84", "354"], "Benaki Museum": ["82", "208", "89", "25", "93"], "Musee des Confluences": ["28", "76", "11", "3", "36"], "Raja Dinkar Kelkar Museum": ["87", "32", "43", "22", "58"], "Vietnam Museum of Ethnology": ["568", "1,071", "338", "63", "644"], "Red Dot Design Museum": ["8", "21", "15", "4", "10"], "San Antonio Museum of Art": ["96", "178", "57", "34", "77"], "Henry B. Plant Museum": ["74", "143", "27", "14", "79"], "Philadelphia Museum of Art": ["873", "1,119", "383", "193", "733"], "Medieval Crime Museum (Mittelalterliches Kriminalmuseum)": ["140", "187", "24", "4", "66"], "Vivanco": ["10", "52", "5", "3", "25"], "Princeton University Art Museum": ["78", "98", "46", "19", "80"], "Museum of New Zealand (Te Papa Tongarewa)": ["1,502", "2,609", "694", "228", "1,039"], "Milton Keynes Museum": ["223", "86", "13", "6", "68"], "Instituto Ricardo Brennand": ["31", "29", "14", "4", "31"], "Musee Grevin": ["30", "29", "13", "2", "25"], "Antique Automobile Club of America Museum": ["160", "160", "23", "15", "63"], "Ballenberg Open-Air Museum": ["71", "70", "10", "3", "28"], "International UFO Museum and Research Center": ["433", "473", "97", "17", "149"], "National Museum of the Pacific War": ["368", "801", "84", "18", "245"], "Grand Rapids Public Museum": ["182", "104", "27", "17", "41"], "War Museum Cambodia": ["137", "286", "109", "5", "181"], "Grigore Antipa National Museum of Natural History": ["104", "62", "36", "14", "100"], "Lakeland Motor Museum": ["223", "386", "23", "5", "78"], "Kura Hulanda Museum": ["66", "192", "32", "8", "58"], "The Museum at Campbell River": ["51", "76", "19", "3", "35"], "Children's Museum of Houston": ["710", "50", "11", "28", "49"], "Children's Museum of Pittsburgh": ["232", "18", "2", "7", "17"], "The George W. Bush Presidential Library and Museum": ["619", "733", "137", "118", "404"], "Simeone Foundation Automotive Museum": ["52", "43", "23", "3", "29"], "Peranakan Museum": ["90", "175", "131", "26", "102"], "Kentucky Horse Park": ["535", "402", "69", "53", "238"], "Rock and Roll Hall of Fame and Museum": ["1,238", "1,826", "279", "210", "884"], "Hagia Sophia Museum / Church (Ayasofya)": ["2,824", "5,813", "1,469", "556", "3,200"], "Penang 3D Trick Art Museum": ["105", "43", "11", "3", "56"], "Hellfire Pass Memorial Museum and Walking Trail": ["203", "427", "99", "8", "211"], "Otago Museum": ["200", "176", "60", "15", "78"], "National Museum of American History": ["882", "751", "209", "96", "284"], "Lychnostatis Open Air Museum": ["99", "196", "25", "4", "38"], "National Geographic Museum": ["112", "110", "42", "18", "68"], "National Museum of the U.S. Air Force": ["1,013", "540", "217", "96", "402"], "Irish Whiskey Museum": ["136", "696", "224", "40", "501"], "American Museum of Science & Energy": ["94", "77", "14", "9", "35"], "Torture Museum Oude Steen": ["58", "173", "21", "1", "52"], "NSU Art Museum": ["21", "70", "20", "6", "48"], "GulfQuest National Maritime Museum of the Gulf of Mexico": ["45", "46", "8", "3", "23"], "California State Railroad Museum": ["630", "356", "82", "84", "203"], "Superstition Mountain Museum": ["46", "76", "17", "2", "48"], "Please Touch Museum": ["567", "37", "14", "13", "53"], "Sherlock Holmes Museum": ["299", "265", "115", "11", "203"]}